,Date,Open,High,Low,Close,Volume,pp,vp
0,2019-09-01,172.458405,173.696854,169.531281,171.629425,5554799576.0,-0.4806840234896069,0.0
1,2019-09-02,171.697601,180.145218,170.451691,178.347351,6503447137.0,3.8729428723934305,17.07798000667234
2,2019-09-03,178.357758,182.347992,175.970169,179.499329,6962728938.0,0.6400456099027658,7.062128611563742
3,2019-09-04,179.491989,180.136597,175.325363,175.992889,5938120494.0,-1.9494463343430881,-14.715615861592227
4,2019-09-05,175.966278,176.16391,171.746826,174.217133,5589476516.0,-0.9940228433995737,-5.8712850025909225
5,2019-09-06,174.172226,177.718704,168.341339,169.956177,6797611878.0,-2.420620725143628,21.614463510879524
6,2019-09-07,169.955276,180.851608,169.444122,178.262619,6791531342.0,4.8879582885087975,-0.08945106177184423
7,2019-09-08,178.282593,182.977081,178.142502,181.35553,6472677266.0,1.7236326599759495,-4.694877487027873
8,2019-09-09,181.362488,184.14946,177.419357,181.14946,7232938985.0,-0.11745979135443291,11.74570718972102
9,2019-09-10,181.212845,184.063431,178.122421,179.78717,6291476772.0,-0.7867405867393031,-13.016316257505386
10,2019-09-11,179.839493,181.757462,176.500916,178.725494,7157139035.0,-0.6194406920397661,13.759285687147413
11,2019-09-12,178.803772,181.998566,177.847321,181.016098,5838605477.0,1.2372926897761363,-18.422634401149367
12,2019-09-13,180.975586,181.498291,178.582047,181.109726,5955041237.0,0.07412049490476696,1.9942392144609706
13,2019-09-14,181.321579,188.44693,180.372208,188.105515,6500686511.0,3.7413836992893064,9.162745517357363
14,2019-09-15,188.068436,190.399338,186.447327,189.789124,6222874780.0,0.9149265217476449,-4.273575268241388
15,2019-09-16,189.689331,198.204971,189.689331,197.113174,8242029488.0,3.9136850559085876,32.44729774234666
16,2019-09-17,197.114761,213.731949,196.715485,208.608749,10232590812.0,5.831114799160071,24.151349214391455
17,2019-09-18,208.050598,216.711502,208.050598,211.393036,9194634557.0,1.6065505372880433,-10.143631012614755
18,2019-09-19,211.247238,222.871689,204.685776,221.280853,10620070913.0,4.749702336936588,15.502914739714107
19,2019-09-20,221.069626,221.598557,215.159637,218.050049,8027974273.0,-1.3658941097588857,-24.40752666563668
20,2019-09-21,217.897385,220.958298,215.000168,215.516205,7743309778.0,-1.0927987960938588,-3.5459069164857047
21,2019-09-22,215.486557,216.086243,207.644928,211.54538,7812854576.0,-1.8289665280605,0.8981275448592804
22,2019-09-23,211.713211,211.840515,201.887238,201.92131,7494673136.0,-4.625077931485341,-4.072537596916356
23,2019-09-24,201.842087,203.500549,162.727783,168.110733,11757739233.0,-16.711754471702417,56.88128113983703
24,2019-09-25,168.133575,174.719772,164.913483,170.8927,9766632018.0,1.6410315429264992,-16.934439313058032
25,2019-09-26,170.756912,171.692642,157.130325,166.727127,7848286154.0,-2.359954248879837,-19.64183620786029
26,2019-09-27,166.651703,175.610779,163.209503,174.710999,7909313625.0,4.836011786810237,0.7775897795074203
27,2019-09-28,174.680832,175.778732,170.773956,174.572891,6895423445.0,-0.06179327105564218,-12.818940151712596
28,2019-09-29,174.612747,175.21022,166.997696,170.503479,6497088199.0,-2.3533608345328956,-5.776806155230978
29,2019-09-30,170.461349,179.872208,167.036606,179.872208,7552915148.0,5.520816921377284,16.250771371127573
30,2019-10-01,180.209122,185.045532,175.812653,177.340424,7676276225.0,-1.5918716922664962,1.6332909159275517
31,2019-10-02,177.22406,180.826126,175.334274,180.71051,6335595250.0,1.9672554618148295,-17.4652518448162
32,2019-10-03,180.703705,180.79921,172.599869,175.199341,6381403725.0,-3.0460714682081416,0.7230334829233291
33,2019-10-04,175.238434,178.552078,173.564087,176.985001,6248928449.0,0.9966803287000379,-2.075958232841631
34,2019-10-05,176.94632,177.713242,173.069565,176.351517,5837211771.0,-0.3361488388116716,-6.588596450738462
35,2019-10-06,176.36438,177.364548,171.299774,173.059143,5852890674.0,-1.8740955514940176,0.26860260711963124
36,2019-10-07,172.940338,182.356354,171.527817,181.18634,7844316834.0,4.768119511828411,34.024660136681035
37,2019-10-08,181.113358,184.35997,179.133392,182.021561,7466282780.0,0.5014555580157627,-4.819209397069083
38,2019-10-09,182.036301,194.300491,180.668442,193.293259,9088122101.0,6.183908340348004,21.722179145751564
39,2019-10-10,193.191071,193.896927,188.306473,191.659668,8375913276.0,-0.7926882914790524,-7.83669956328638
40,2019-10-11,191.801071,195.318802,181.661835,182.569687,9128522970.0,-4.812999193315255,8.98540456664585
41,2019-10-12,182.534027,186.304886,179.984833,180.826645,7494328840.0,-0.9353773803500184,-17.902065157426012
42,2019-10-13,180.861313,185.075912,180.317154,182.07515,6733182273.0,0.6711424239190458,-10.156300627448848
43,2019-10-14,182.028473,187.303619,181.662277,186.960907,7276520699.0,2.7097046515354775,8.069563602618961
44,2019-10-15,186.977051,187.759872,179.462784,181.406067,7731456579.0,-2.9795014790344414,6.252107275150348
45,2019-10-16,181.343735,181.66861,174.064163,176.013504,7691244590.0,-2.939297020655275,-0.5201088383426076
46,2019-10-17,175.906891,178.899551,174.565826,178.028351,6737237423.0,1.2060130151467374,-12.403807418117749
47,2019-10-18,177.988556,178.179794,171.005051,173.621338,7566257807.0,-2.453651008888448,12.30504926499753
48,2019-10-19,173.649445,175.608231,172.215454,172.913025,6551453871.0,-0.4240842808337114,-13.412230482830545
49,2019-10-20,172.974762,176.718689,171.210724,175.534378,6801091120.0,1.4797626950919034,3.8104099321376412
50,2019-10-21,175.52475,177.74173,173.28775,174.92099,6815820627.0,-0.3439742828290725,0.21657564558552775
51,2019-10-22,174.90506,175.650024,172.266235,172.300858,6990951966.0,-1.4889231906726923,2.5694828045538585
52,2019-10-23,172.262802,172.420578,157.463425,162.402786,9624925919.0,-5.72382190787771,37.67689959550782
53,2019-10-24,162.514114,164.147568,160.887955,162.168549,7300917537.0,-0.21263691595426196,-24.145727474248
54,2019-10-25,162.189713,183.000122,161.966019,181.523209,10358594018.0,11.920297312567534,41.880715204686744
55,2019-10-26,181.667068,195.942505,176.133804,179.83548,13831784986.0,-1.0082113506670405,33.52955972562183
56,2019-10-27,179.932632,188.155334,177.682358,184.242218,10815941952.0,2.3951108546002904,-21.803715406598066
57,2019-10-28,184.397507,187.883163,180.249557,182.662811,10406734124.0,-0.9407372302489889,-3.7833767027968603
58,2019-10-29,182.67038,191.846756,182.364365,190.342575,10622761958.0,4.200021371828326,2.0758465761299387
59,2019-10-30,190.336395,191.111938,181.546371,184.692169,10484902804.0,-2.965395031255059,-1.2977712815656035
60,2019-10-31,184.797623,188.751266,180.068359,183.966919,9607939606.0,-0.44952093350248196,-8.364056533413336
61,2019-11-01,183.803696,185.059708,181.094498,183.969894,9145611130.0,0.09042146791216239,-4.811941945506022
62,2019-11-02,184.018158,185.708954,182.797668,183.92572,8087991830.0,-0.05023308623705882,-11.564227747785292
63,2019-11-03,183.994827,185.024216,179.818146,182.425018,8760247744.0,-0.8531810516607581,8.311777856976397
64,2019-11-04,182.319031,188.022934,181.821609,186.355194,10551917945.0,2.2137913841808516,20.452277759235024
65,2019-11-05,186.309311,191.257828,184.331985,189.304169,10024177342.0,1.60746555495554,-5.001371369174345
66,2019-11-06,189.113495,193.547256,188.667679,191.593842,10156458684.0,1.311565311613534,1.3196229225290974
67,2019-11-07,191.504303,191.861099,186.567001,187.976547,9081247799.0,-1.8421288423999447,-10.586474266801634
68,2019-11-08,187.924271,188.815979,182.541367,184.211472,9176780911.0,-1.9756889199266965,1.0519822178018292
69,2019-11-09,184.311722,185.838531,183.902237,185.028717,7277418704.0,0.38901215409402834,-20.697477965538845
70,2019-11-10,184.943359,190.920609,184.686783,189.47728,8752784211.0,2.4515186836203298,20.273198052890265
71,2019-11-11,189.50293,190.338425,185.086319,185.489639,7877424106.0,-2.1177989174098686,-10.000933233335028
72,2019-11-12,185.564835,187.948029,184.191055,186.843414,7792186666.0,0.6890200937047193,-1.082047111505361
73,2019-11-13,186.942444,189.331879,185.937943,188.258743,7343173596.0,0.7041199268797487,-5.762350021197503
74,2019-11-14,188.272507,188.634598,184.992294,185.999634,7872664470.0,-1.2072251207660418,7.210654454477641
75,2019-11-15,186.058167,186.251831,179.379562,180.521179,8815678477.0,-2.975944614137797,11.978333518385039
76,2019-11-16,180.4991,184.155273,179.985672,183.348358,6789888120.0,1.5785441589459401,-22.979403823372902
77,2019-11-17,183.35083,188.191345,182.336807,185.119232,7364325471.0,0.9644908615903232,8.460188751976078
78,2019-11-18,185.041458,186.927155,179.175507,180.559601,7787662111.0,-2.4220826232357178,5.74847814191617
79,2019-11-19,180.502457,182.528,175.197113,177.455551,7536699743.0,-1.6880135875380238,-3.2225636451987048
80,2019-11-20,177.415283,178.993149,175.290436,175.698349,7205785149.0,-0.9677486465469725,-4.390709531812644
81,2019-11-21,175.673599,176.209213,159.365128,161.462723,8546371325.0,-8.089363501911283,18.60430401794651
82,2019-11-22,161.50589,163.028091,142.344101,150.268173,12020749863.0,-6.958084934239863,40.653259797367866
83,2019-11-23,150.212219,154.101563,147.601242,153.417786,8289198330.0,2.134025461670333,-31.04258532561065
84,2019-11-24,153.430527,153.965912,142.834702,142.834702,7782769098.0,-6.905943169966442,-6.109507962514874
85,2019-11-25,142.697006,150.207962,133.802338,146.476532,10962753356.0,2.6486372110708505,40.859290799430056
86,2019-11-26,146.404312,150.004761,145.216873,148.965073,7648516297.0,1.7491021712529788,-30.231794434981907
87,2019-11-27,148.39682,154.887207,143.525604,153.010559,8778095308.0,3.109055167085123,14.768603048450824
88,2019-11-28,153.069244,156.613586,151.091125,151.717575,7346531960.0,-0.8830441470005477,-16.30835959021009
89,2019-11-29,151.7686,156.848404,151.460434,155.304153,7503898278.0,2.3295681715453798,2.142049049222403
90,2019-11-30,155.286407,156.691299,151.225342,152.539688,6565950868.0,-1.7688083928685303,-12.49946861286597
91,2019-12-01,152.491928,152.491928,147.067932,151.18573,7102780298.0,-0.8565686178484115,8.175958681267428
92,2019-12-02,151.175476,152.116959,147.606796,149.059158,6670561362.0,-1.3999082761280717,-6.085207733677249
93,2019-12-03,149.058243,150.310425,146.001678,147.956421,6204379850.0,-0.7391889088616176,-6.98863988652714
94,2019-12-04,147.918381,150.680817,145.000885,146.747742,7865937094.0,-0.7914087431771056,26.780391983898276
95,2019-12-05,146.686493,153.155396,145.459076,149.248993,6745910228.0,1.746922942659758,-14.238950205365066
96,2019-12-06,149.396484,149.670517,147.606522,149.194443,6458766441.0,-0.13523812247146322,-4.256561046545845
97,2019-12-07,149.197601,149.799713,148.374771,148.768158,5911233284.0,-0.28783505707976637,-8.477364245969333
98,2019-12-08,148.743683,152.392929,148.313339,151.264725,6441727252.0,1.694890128544144,8.974336530346278
99,2019-12-09,151.224396,151.91394,147.621368,148.225174,6744206747.0,-1.9832924312027027,4.695627169034322
100,2019-12-10,148.179855,148.564468,144.907959,146.267044,6859512025.0,-1.290871151142647,1.7096937019508012
101,2019-12-11,146.320648,147.139206,143.045364,143.608002,7037180049.0,-1.853905130327202,2.5900971286656502
102,2019-12-12,143.615662,145.751648,141.436981,145.604004,7890383413.0,1.384488273987845,12.124222459268214
103,2019-12-13,145.655685,145.857101,143.746521,144.944748,7264810247.0,-0.48809423401496566,-7.928298705603091
104,2019-12-14,144.953415,145.529083,142.434555,142.869232,7048066973.0,-1.4378295261274086,-2.983467793801002
105,2019-12-15,142.86499,143.925354,139.426956,143.11499,7235153411.0,0.17499038777799936,2.6544361555685803
106,2019-12-16,143.139526,143.224854,132.456665,133.614029,8992282119.0,-6.654693686773842,24.285991024441046
107,2019-12-17,133.647186,134.011536,121.395081,122.603889,9057166141.0,-8.263022462740075,0.7215523394545758
108,2019-12-18,122.656837,133.394165,119.78006,133.092194,11864518321.0,8.507766264998347,30.995922303905544
109,2019-12-19,133.05278,134.190643,125.971664,129.321136,9564699140.0,-2.8046343714126203,-19.38400800417964
110,2019-12-20,129.384369,129.756302,126.985352,129.066055,8173594150.0,-0.24602199049251977,-14.544158364399948
111,2019-12-21,129.095963,129.147659,127.612091,128.130951,7449064703.0,-0.7475152418205374,-8.86426991239833
112,2019-12-22,128.098129,133.160034,127.92849,132.372513,9121058481.0,3.3368043962609306,22.445687407261065
113,2019-12-23,132.306992,134.73175,127.416718,128.61409,9622497693.0,-2.7911616341485592,5.497598914035513
114,2019-12-24,128.629257,131.672287,127.308769,129.063889,7961819689.0,0.33789513376415875,-17.258284251999147
115,2019-12-25,129.068497,129.068497,124.88549,126.454636,8418019054.0,-2.025173501478067,5.729837936800831
116,2019-12-26,126.486328,130.898346,125.406441,126.361221,8600871980.0,-0.09890950427464369,2.172160989741566
117,2019-12-27,126.368797,128.097565,124.820808,127.214607,8299390176.0,0.6693187084783281,-3.5052469645060333
118,2019-12-28,127.213013,130.258163,126.899696,128.322708,8069298610.0,0.8723124889746948,-2.772391237435419
119,2019-12-29,128.266876,136.811203,127.997658,134.75798,9708776786.0,5.060623757609881,20.31748055485581
120,2019-12-30,134.796524,136.757355,131.545563,132.633484,9796951716.0,-1.6046704587130116,0.9081981380718088
121,2019-12-31,132.612274,133.732681,128.798157,129.610855,8936866397.0,-2.2633040739502186,-8.779111543393055
122,2020-01-01,129.630661,132.835358,129.198288,130.802002,7935230330.0,0.9035987249960747,-11.207911392031523
123,2020-01-02,130.820038,130.820038,126.95491,127.410179,8032709256.0,-2.6065265322732984,1.2284322186776397
124,2020-01-03,127.411263,134.554016,126.490021,134.171707,10476845358.0,5.306001872063691,30.427294504333798
125,2020-01-04,134.168518,136.052719,133.040558,135.069366,7430904515.0,0.6714302382023749,-29.07307246521639
126,2020-01-05,135.072098,139.410202,135.045624,136.276779,7526675353.0,0.8918799795350729,1.288818041016101
127,2020-01-06,136.305542,144.328186,136.079636,144.304153,9093747121.0,5.8681480463941895,20.820238611399557
128,2020-01-07,144.311996,145.00177,140.488876,143.543991,9257954672.0,-0.5321837555347707,1.8057193455577727
129,2020-01-08,143.487823,146.828003,138.268204,141.258133,9387194957.0,-1.5539228022157707,1.395991766851891
130,2020-01-09,141.155777,141.393982,136.236404,138.979202,7697325348.0,-1.5419666458284693,-18.001859093592916
131,2020-01-10,138.967041,144.167328,135.520401,143.963776,9084816203.0,3.595625958532139,18.025623086862407
132,2020-01-11,143.409103,146.480911,142.207962,142.927109,9332208590.0,-0.3360972141356927,2.723141354453663
133,2020-01-12,143.032547,146.145859,142.707642,145.873932,8528167453.0,1.9865303803895784,-8.615764738280458
134,2020-01-13,146.220139,146.791229,142.907135,144.226593,8378529470.0,-1.363386749345096,-1.7546323266361408
135,2020-01-14,144.251053,167.681549,144.064926,165.955353,16712318373.0,15.04619865755849,99.4660093139232
136,2020-01-15,165.734619,170.425674,161.109619,166.230682,15173694057.0,0.29931163627316293,-9.206528272497264
137,2020-01-16,166.332825,167.058151,159.709641,164.391006,13735193018.0,-1.1674298203015605,-9.480229623691299
138,2020-01-17,164.48938,173.069214,162.775604,170.779953,14997091826.0,3.8243034291940274,9.187339459636853
139,2020-01-18,170.747726,178.528778,166.789017,175.365677,14929342256.0,2.7045461208660577,-0.4517513847754446
140,2020-01-19,175.46759,177.247635,163.676865,166.969849,13713374132.0,-4.842912015831522,-8.144820469309764
141,2020-01-20,166.904129,169.114883,162.331604,167.120514,11144529787.0,0.12964628334627604,-18.732401816454722
142,2020-01-21,167.060471,169.91011,165.819717,169.697159,9789369362.0,1.5782835904969958,-12.159870814655484
143,2020-01-22,169.608536,171.008698,166.774231,168.294159,9209827928.0,-0.7749474354285913,-5.92010999451754
144,2020-01-23,168.2957,168.312241,160.295319,162.928558,10396868698.0,-3.189114160373676,12.888848513565845
145,2020-01-24,162.899368,164.309448,156.749741,163.051178,10657671162.0,0.09319250397581857,2.508471267413134
146,2020-01-25,163.067291,163.227234,158.632477,161.283936,8256956802.0,-1.093631340205437,-22.525693685875424
147,2020-01-26,161.176819,168.220322,160.281128,168.077103,9261861590.0,4.281188847634473,12.170401421460653
148,2020-01-27,168.00885,172.922913,166.901093,170.930893,11004476145.0,1.7392196899151458,18.814949220159964
149,2020-01-28,170.884857,176.370316,170.738068,176.370316,11772875064.0,3.2100322382573614,6.9826033413605995
150,2020-01-29,176.347885,178.842972,175.050339,175.050339,10725267311.0,-0.7357876733253608,-8.898486965205766
151,2020-01-30,174.917709,186.260483,172.374634,184.690475,12604789338.0,5.587064943778786,17.524244128370892
152,2020-01-31,184.736908,185.405838,176.296814,180.160172,11728616394.0,-2.4774345579065398,-6.951111363349625
153,2020-02-01,180.11377,183.845551,179.745178,183.67395,11569697182.0,1.9766284387917716,-1.354969816229118
154,2020-02-02,183.532501,193.080399,180.17395,188.617538,14054425389.0,2.7706466006257933,21.47617321277614
155,2020-02-03,188.607407,193.43689,188.012695,189.865067,12392875241.0,0.6668136845760334,-11.822255994189902
156,2020-02-04,189.861725,191.111496,185.403625,189.250595,11714191695.0,-0.321881622006754,-5.476401019149097
157,2020-02-05,189.299103,206.804001,188.752686,204.23024,14865434435.0,7.887589937496961,26.901068567497095
158,2020-02-06,204.1297,214.597717,201.904068,212.339081,16425589683.0,4.021649470900108,10.495187710940248
159,2020-02-07,212.315887,223.14093,212.304199,222.726059,16673443564.0,4.903152631248922,1.5089496680689731
160,2020-02-08,222.510971,226.588089,215.386292,223.146515,16741203125.0,0.28562366931560496,0.4063921213389966
161,2020-02-09,222.982239,229.864243,222.982239,228.578568,15031356241.0,2.5097644660389284,-10.213405041640339
162,2020-02-10,228.549133,229.184616,218.080048,223.522705,16210008511.0,-2.199276774329312,7.841290240897032
163,2020-02-11,223.384933,236.547134,218.617615,235.851196,16964695963.0,5.580619441330001,4.655688190958532
164,2020-02-12,235.898224,272.398834,235.896271,265.406128,24545049386.0,12.508743601223562,44.683108023466794
165,2020-02-13,265.052704,273.741058,258.922516,268.099243,25801317504.0,1.149408760606342,5.118213853407645
166,2020-02-14,268.023285,285.056427,262.762512,284.217499,23558253463.0,6.042092201056333,-8.693602722621648
167,2020-02-15,284.56131,287.123688,264.279663,264.728577,23682452994.0,-6.969581704554291,0.5272017774792374
168,2020-02-16,264.904053,272.882446,242.484406,259.894714,25152366643.0,-1.8910012675419332,6.206762658295599
169,2020-02-17,259.890564,266.871246,244.335327,266.363434,26024080089.0,2.490613703081579,3.46573131018906
170,2020-02-18,266.50882,283.196136,261.463898,281.94458,26511477187.0,5.7918383339057815,1.87286965123511
171,2020-02-19,282.036285,283.537933,259.763977,259.763977,22679414413.0,-7.896965456058254,-14.454354040592902
172,2020-02-20,259.819855,263.695404,250.951263,257.949463,23229828870.0,-0.7198803186153876,2.4269341658332175
173,2020-02-21,257.891113,267.004852,255.689087,265.600616,20867593292.0,2.9894411289775555,-10.168975377389424
174,2020-02-22,265.551575,266.387207,258.913147,262.331726,16906032862.0,-1.2125136143515662,-18.98427084794077
175,2020-02-23,262.278412,273.75415,261.96051,273.75415,19585998814.0,4.37540318796805,15.852127899406895
176,2020-02-24,273.705078,275.53952,259.625153,265.216431,22400845640.0,-3.101384549394445,14.371729788873253
177,2020-02-25,265.283386,265.431488,246.858994,247.817596,21878882134.0,-6.583823534278924,-2.3301062575421594
178,2020-02-26,247.740204,249.649704,221.266556,225.680267,26235617201.0,-8.90446388750048,19.91296922903383
179,2020-02-27,225.687042,237.228928,212.66452,226.753387,25645522790.0,0.4724883584587956,-2.24921108765647
180,2020-02-28,226.98761,234.208939,216.346207,226.760498,22563530559.0,-0.10005480034790308,-12.017661937473804
181,2020-02-29,226.83345,232.256622,219.848511,219.848511,18181296376.0,-3.0793249408321377,-19.421757475148507
182,2020-03-01,219.752686,226.677887,214.130432,218.970596,18179807469.0,-0.3558955361301071,-0.0081892235251465
183,2020-03-02,218.711624,232.811584,217.284286,230.569778,20305587789.0,5.421821567197551,11.693084888961867
184,2020-03-03,230.523972,232.325806,221.732666,224.47963,19853178572.0,-2.6220014983951434,-2.2280035510475615
185,2020-03-04,224.565338,228.040421,222.088882,224.517975,16567075208.0,-0.021090966407286797,-16.552026427821325
186,2020-03-05,224.641891,234.364456,224.641891,229.268188,18201291785.0,2.059409747401041,9.864243123679795
187,2020-03-06,229.168427,243.554977,228.743576,243.525299,19374772256.0,6.264768750190871,6.447237288768074
188,2020-03-07,243.750198,249.978485,237.551285,237.853088,19431652027.0,-2.4193252142506965,0.2935764624659545
189,2020-03-08,237.780685,237.780685,200.602982,200.689056,21381823651.0,-15.599092499880724,10.03605674540829
190,2020-03-09,201.318497,207.451401,192.269897,201.986328,23645428606.0,0.33172858428402546,10.586585091838666
191,2020-03-10,202.863953,205.714249,198.064499,200.767242,18344930072.0,-1.033555231963758,-22.416588941234096
192,2020-03-11,200.768036,202.9543,184.362152,194.86853,16984790291.0,-2.9384687510715115,-7.414254377976569
193,2020-03-12,194.738922,195.147934,111.210709,112.347122,22134741655.0,-42.30885082130628,30.32095937462876
194,2020-03-13,112.689995,137.429535,95.184303,133.201813,27864623061.0,18.201986786848284,25.886371276918346
195,2020-03-14,133.582474,134.484375,122.414474,123.306023,12740784545.0,-7.692963524541396,-54.27612813168713
196,2020-03-15,123.246063,132.242142,121.853653,125.214302,12719251813.0,1.5969994919837698,-0.16900632707465663
197,2020-03-16,124.996117,124.996117,105.17144,110.605873,15984904590.0,-11.512552825940983,25.674881078007004
198,2020-03-17,110.406784,118.988281,110.406784,113.942749,12087490572.0,3.202670046072535,-24.381840980384606
199,2020-03-18,113.857643,116.021622,111.743111,114.84227,11617854009.0,0.8647877947025508,-3.8853106871320917
200,2020-03-19,114.839828,140.527725,114.732864,136.593857,16396753275.0,18.94293067035943,41.134096385596955
201,2020-03-20,136.649277,150.853806,122.605659,132.737167,18960388062.0,-2.8628837897181207,15.63501471299659
202,2020-03-21,133.101761,135.972412,127.163757,132.81871,13684083308.0,-0.21265759211104682,-27.828042003922143
203,2020-03-22,132.851135,136.151642,122.909332,123.321152,12497707224.0,-7.173429869455012,-8.669751983360257
204,2020-03-23,123.365982,134.911606,121.867882,134.911606,14149877968.0,9.358839294936267,13.219790753517174
205,2020-03-24,135.194138,141.948532,133.168777,138.761444,14609068673.0,2.638654347572379,3.2451919800189186
206,2020-03-25,138.914963,141.403793,134.30423,136.195892,13433092920.0,-1.9573636570741582,-8.049628482980573
207,2020-03-26,136.190674,138.830566,134.886032,138.361557,11367261176.0,1.5940026847947046,-15.37867530808385
208,2020-03-27,138.369934,139.902695,133.937943,133.937943,11396286629.0,-3.203001455504063,0.25534253634712123
209,2020-03-28,134.032745,134.032745,126.962189,130.986496,12162403960.0,-2.2727647635658115,6.722517219341167
210,2020-03-29,131.015335,131.174088,125.45005,125.583733,9938133669.0,-4.145775759761252,-18.288081026705182
211,2020-03-30,125.577896,133.911469,125.28968,132.904541,11841123306.0,5.834342852821805,19.148360249329226
212,2020-03-31,132.820923,134.274139,131.652893,133.593567,11065246317.0,0.5817185896231228,-6.552393459215616
213,2020-04-01,133.61232,135.634552,129.730942,135.634552,12456564435.0,1.5135071376651512,12.573765446707316
214,2020-04-02,135.732178,146.787094,135.732178,142.029144,15322861686.0,4.639258054195518,23.010335361380886
215,2020-04-03,142.110458,146.899872,139.619385,142.091309,13184603402.0,-0.013474729636012256,-13.954692849271472
216,2020-04-04,142.215179,145.377304,140.121826,145.219391,11946658257.0,2.112441176198214,-9.389324102173703
217,2020-04-05,145.261017,146.128525,142.102081,143.546646,11280993591.0,-1.180200328626365,-5.57197378279371
218,2020-04-06,143.608215,169.272644,143.544601,169.13588,21636382525.0,17.775908571804187,91.79500768674801
219,2020-04-07,169.147446,175.204132,164.203323,165.101944,21659346091.0,-2.3917014981118894,0.10613403591596927
220,2020-04-08,165.240326,173.210266,164.493195,172.641739,17063110836.0,4.479180826597976,-21.220563334134315
221,2020-04-09,172.761261,172.897781,167.987122,170.807144,14901696210.0,-1.1311083217898004,-12.667178023832653
222,2020-04-10,170.829269,170.949768,154.914474,158.412445,17980944616.0,-7.268557708339792,20.663744332229946
223,2020-04-11,158.538986,161.167572,155.29834,158.216019,13555089447.0,-0.20371456141393862,-24.61414160111331
224,2020-04-12,158.232391,164.516953,156.320511,161.142426,15123721386.0,1.8390893176859051,11.57227287310279
225,2020-04-13,160.720673,160.749695,151.614487,156.279556,16465282133.0,-2.7632518686628393,8.87057300752631
226,2020-04-14,156.355957,160.944275,155.865936,157.59639,14723156630.0,0.7933391370563672,-10.580599159660935
227,2020-04-15,157.565643,160.711121,152.802841,153.286896,14171753737.0,-2.7155329794833394,-3.7451404400361934
228,2020-04-16,153.200424,173.157272,150.359421,172.157379,22910469236.0,12.373957267898941,61.662908212868
229,2020-04-17,,,,,,,
230,2020-04-18,171.618073,187.940475,171.618073,186.914001,20160323443.0,8.912772257966097,
231,2020-04-19,186.861984,188.098923,180.120819,181.61496,19146038381.0,-2.8079676174261374,-5.031095184894847
232,2020-04-20,181.480225,186.083542,170.321274,172.297165,21266681335.0,-5.060088502755594,11.076144901623449
233,2020-04-21,172.017715,175.178467,170.552841,172.737701,16458767984.0,0.41855340306082855,-22.607727436472636
234,2020-04-22,172.670395,183.751007,171.826599,182.599579,17994666395.0,5.7503684983172665,9.331794533424901
235,2020-04-23,182.620178,189.088867,180.340652,185.028671,21275740032.0,1.3188537139636305,18.23358969250844
236,2020-04-24,185.222107,190.210388,185.222107,189.236938,16788555028.0,2.167576573351482,-21.090617751725684
237,2020-04-25,189.207397,196.792374,188.459534,195.515305,18260969748.0,3.33385908797214,8.770348118371727
238,2020-04-26,195.413589,199.344971,194.768066,197.317535,18335367012.0,0.9743160696976864,0.4074113534312614
239,2020-04-27,197.475723,199.552795,193.454163,197.224716,18670194595.0,-0.12710777617965077,1.8261297021263028
240,2020-04-28,197.273514,198.786545,194.849426,198.41539,18217507467.0,0.5788288436936325,-2.424651364486756
241,2020-04-29,198.465195,218.454636,198.124512,216.968231,26397548759.0,9.323063421775293,44.90208831706362
242,2020-04-30,216.909134,227.529694,206.43692,207.602051,28089191904.0,-4.290775048689285,6.40833419967924
243,2020-05-01,207.901733,217.628021,207.780884,214.219101,20816320834.0,3.038631717418146,-25.892062309433395
244,2020-05-02,214.230087,215.847534,212.878677,215.325378,18260876092.0,0.511268522240764,-12.276159473032841
245,2020-05-03,215.352066,219.270874,208.692368,210.933151,20469034664.0,-2.051949202103312,12.09229261988905
246,2020-05-04,210.890854,211.828384,199.047729,208.174011,22602446422.0,-1.28826971320434,10.422630050806191
247,2020-05-05,208.013,211.778625,204.031128,206.774399,19004689099.0,-0.5954440347478364,-15.917557134426552
248,2020-05-06,206.481354,211.534622,204.040878,204.055786,20343543799.0,-1.1747152723533565,7.044865048965461
249,2020-05-07,203.912857,214.392471,202.074844,212.289413,23594744655.0,4.107909684184354,15.981487238028876
250,2020-05-08,212.198242,216.327682,208.830734,212.991577,20445139356.0,0.3738650200504551,-13.348757721489315
251,2020-05-09,213.142166,214.73912,209.071518,211.600128,18950547549.0,-0.7234786194299963,-7.310254926491291
252,2020-05-10,211.5522,211.5522,182.711166,188.599564,25211575193.0,-10.849632383875003,33.03876907942107
253,2020-05-11,188.632187,191.362335,180.718338,185.912842,20054601647.0,-1.4416124009631377,-20.454785179118183
254,2020-05-12,185.877335,191.601349,185.701797,189.3125,15899726284.0,1.8480816932306525,-20.71781547264757
255,2020-05-13,189.3741,200.197327,189.127701,199.193283,17054662289.0,5.185071770638123,7.263873505559777
256,2020-05-14,198.89151,204.117599,196.86882,202.949097,20150524861.0,2.040100655880175,18.15258795242627
257,2020-05-15,202.955399,203.566391,193.755676,195.622665,16602342092.0,-3.6129780415449737,-17.608388830939443
258,2020-05-16,195.613388,202.771194,194.501587,200.677124,15379081645.0,2.5886449039980874,-7.367999287217675
259,2020-05-17,200.608871,209.160934,200.102798,207.158691,15470397303.0,3.2649702714293287,0.5937653502846724
260,2020-05-18,207.179779,215.908463,207.10907,214.525055,17411566928.0,3.545363372551919,12.547639126395099
261,2020-05-19,214.604935,214.604935,210.143051,213.451111,14346192779.0,-0.5376502641936051,-17.605389346495237
262,2020-05-20,213.446243,214.716827,207.975815,210.096741,12730175511.0,-1.5692485156555323,-11.26443296067742
263,2020-05-21,210.12915,211.625183,193.346436,199.883606,13308321229.0,-4.875831839609128,4.541537683439092
264,2020-05-22,199.837112,208.591537,198.040863,207.169189,12041592114.0,3.6690267021072636,-9.518323860711192
265,2020-05-23,207.194489,210.386459,205.29422,208.694397,10665476768.0,0.7239130766648938,-11.428018263465987
266,2020-05-24,208.716064,210.595078,202.370346,202.370346,11833299572.0,-3.0403591742703506,10.949560243793876
267,2020-05-25,201.982651,206.36145,200.667557,205.319748,10415044124.0,1.6521701163334073,-11.985291501922942
268,2020-05-26,205.259567,205.752548,200.264282,201.902313,10159741290.0,-1.6356138956485335,-2.451289029219671
269,2020-05-27,201.893005,208.863434,201.785065,208.863434,10631034756.0,3.45253615894222,4.638833337851657
270,2020-05-28,208.885437,220.276505,206.242661,219.840424,12212469604.0,5.244495335498193,14.87564366307298
271,2020-05-29,219.925049,224.216873,218.238052,220.675125,12265816557.0,0.3410598307971763,0.4368236296983458
272,2020-05-30,220.717209,243.943146,218.744461,242.345596,15027397867.0,9.799139404666903,22.514451420064557
273,2020-05-31,242.351379,244.045258,230.052826,230.975708,12234904813.0,-4.693875086223467,-18.582678642802716
274,2020-06-01,230.86026,248.236282,230.488052,246.99176,13951727936.0,6.987560353609576,14.032173925667305
275,2020-06-02,246.828186,252.222,233.225296,237.219055,13782107567.0,-3.893044451576527,-1.2157660311187994
276,2020-06-03,237.395218,244.179321,235.464447,244.179321,9861760817.0,2.8577252133191613,-28.445190482962946
277,2020-06-04,244.105286,245.92897,236.765305,244.426392,10170414304.0,0.13154405841092115,3.1298009830854325
278,2020-06-05,244.349594,247.329498,240.682053,241.221985,9293963914.0,-1.2799730700596157,-8.617646870642174
279,2020-06-06,241.201355,245.981049,239.724533,241.93132,8114873845.0,0.3026371887504499,-12.686621982939625
280,2020-06-07,241.908081,245.435257,236.325256,245.167252,9544883157.0,1.3472766128883393,17.62207693322434
281,2020-06-08,245.178574,246.644196,241.542191,246.309906,8076783299.0,0.4614318378407791,-15.38101445404629
282,2020-06-09,246.175018,248.342438,242.338547,244.911453,8446545788.0,-0.5132791337909031,4.578090996272995
283,2020-06-10,244.822067,248.651154,242.819748,247.444946,8792990206.0,1.0713409261428968,4.101610607405849
284,2020-06-11,247.548538,249.888306,229.942978,231.702667,12356528860.0,-6.4011167781568625,40.52703995471731
285,2020-06-12,231.625458,239.354691,229.645065,237.49321,8868955009.0,2.5332932099372236,-28.224543401422526
286,2020-06-13,237.544617,239.1931,235.889679,238.908844,7141624980.0,0.5743034791649266,-19.476139266093327
287,2020-06-14,238.968185,239.101456,232.958191,234.1147,7439385176.0,-2.0310172251590757,4.169361970614145
288,2020-06-15,234.058304,234.237839,221.24176,229.928909,10536099884.0,-1.7642591309214941,41.62594938611631
289,2020-06-16,229.762299,236.394302,228.426147,234.416168,7965648016.0,2.0255146385003684,-24.396616359944147
290,2020-06-17,234.492371,235.954056,229.341644,233.028275,7701391592.0,-0.62436828701774,-3.3174504254921624
291,2020-06-18,232.898697,234.570648,228.951431,232.101166,6713800872.0,-0.3424368664458403,-12.823535957136405
292,2020-06-19,231.954971,232.154114,226.795181,227.13829,6946372590.0,-2.076558643789526,3.4640842413117072
293,2020-06-20,226.976364,231.44902,226.640625,229.274261,6252830566.0,1.012394841253165,-9.984232993755954
294,2020-06-21,229.216141,232.358948,228.492996,228.989822,5600408178.0,-0.09873606588638516,-10.434032733072462
295,2020-06-22,229.003372,243.776016,228.934738,242.533188,9079586552.0,5.908129597323127,62.123657123193354
296,2020-06-23,242.537018,244.86441,239.759735,244.142151,6624530348.0,0.6618094892219807,-27.03929512582502
297,2020-06-24,244.185928,248.508026,232.807739,235.772461,8815030025.0,-3.4455167293669757,33.06649018011261
298,2020-06-25,235.70285,236.053406,230.2966,232.944489,7010426122.0,-1.170270533428004,-20.47189740570396
299,2020-06-26,232.877487,233.901932,229.25946,229.668045,7187490226.0,-1.378167568426224,2.5257252686015823
300,2020-06-27,229.631485,232.493423,220.564575,222.959793,6918380955.0,-2.905390782975604,-3.7441340793275115
301,2020-06-28,222.91449,228.598282,219.472672,225.347168,6205925718.0,1.0913054597751854,-10.298005293927906
302,2020-06-29,225.361435,229.903214,222.25499,228.19487,6726164653.0,1.257284770129374,8.382938479122801
303,2020-06-30,227.96843,229.476807,224.815186,226.315002,6094093001.0,-0.7252881462578039,-9.397207541122023
304,2020-07-01,226.134583,232.756119,224.835739,231.113419,6463737443.0,2.201713658277558,6.065618656284763
305,2020-07-02,231.28891,232.396881,225.46196,229.392197,6212210566.0,-0.8200622329881606,-3.891353558495708
306,2020-07-03,229.318954,229.629318,224.913971,225.38707,5109032700.0,-1.7145918082288116,-17.758217534315303
307,2020-07-04,225.288483,230.054138,225.133316,229.074112,5228310135.0,1.6803473260548343,2.3346383161728443
308,2020-07-05,228.976196,229.85672,224.544495,227.664597,5292172429.0,-0.5728101972660954,1.2214710365493648
309,2020-07-06,227.685013,242.132706,227.029526,241.510223,8782917553.0,6.0720773044469105,65.96053267031598
310,2020-07-07,240.972595,242.681854,234.218658,239.075531,6441497597.0,-0.7872530069238788,-26.658794664424878
311,2020-07-08,239.159973,248.308868,238.398376,246.670013,9892586411.0,3.140174296641187,53.57587675895861
312,2020-07-09,246.748291,247.291672,239.898651,243.015961,8429099199.0,-1.5126062210497704,-14.79377739245911
313,2020-07-10,242.868011,242.883789,236.73053,240.984985,7281370522.0,-0.7753289501761519,-13.61626728910917
314,2020-07-11,241.044785,241.527481,238.331238,239.458176,5643067316.0,-0.6582216661521972,-22.499929114306376
315,2020-07-12,239.459641,243.311142,237.770218,242.131699,6596394718.0,1.1158698763772024,16.893780432088683
316,2020-07-13,242.18187,244.310516,238.232376,239.604584,7787751468.0,-1.0641944419704146,18.060725607415055
317,2020-07-14,239.975616,242.003784,237.796188,240.211487,7357458555.0,0.09828956955360126,-5.525252247302456
318,2020-07-15,240.143646,241.402695,237.096176,238.423523,6189328448.0,-0.7162891996734325,-15.876815319688879
319,2020-07-16,238.450912,239.006256,231.62117,233.640884,5832057567.0,-2.017198407695748,-5.772369070435216
320,2020-07-17,233.691391,234.41507,232.10997,232.773087,5859850529.0,-0.39295585347429685,0.47655500105594206
321,2020-07-18,232.855682,236.543976,232.32489,235.48381,5397402117.0,1.1286510071074853,-7.891812422712395
322,2020-07-19,235.458298,239.16069,233.279739,238.487518,6251377305.0,1.2865208088780038,15.821967114702565
323,2020-07-20,238.494873,239.576248,234.852646,236.153168,5600686192.0,-0.9818680672435329,-10.408764041158767
324,2020-07-21,236.302505,246.186264,235.680969,245.016724,6806696015.0,3.68773873133508,21.533251134881652
325,2020-07-22,245.037262,262.985046,242.484344,262.190643,7702077383.0,7.000315323471098,13.154419795255098
326,2020-07-23,262.388641,277.583466,261.047089,274.689056,10281309262.0,4.687861087706151,33.487483320965744
327,2020-07-24,274.722687,286.192841,269.239777,279.215424,9466060358.0,1.63537167208909,-7.92942691660081
328,2020-07-25,279.026367,306.740997,279.026367,304.056763,10785021813.0,8.970620328508236,13.933583825982193
329,2020-07-26,303.692383,316.386322,300.267822,309.643616,12003973026.0,1.9596253752600707,11.302260061548566
330,2020-07-27,309.657928,330.701202,309.657928,321.514099,15644257058.0,3.8287962063738794,30.325659880402334
331,2020-07-28,321.829742,325.905975,307.721344,316.657257,12357108065.0,-1.6072116168803299,-21.01185745550666
332,2020-07-29,316.555359,324.380798,313.109589,318.190887,10878845706.0,0.5166641326706982,-11.962850460027923
333,2020-07-30,318.144989,338.631195,315.751099,334.586639,11827689045.0,5.167973901358534,8.721911907222706
334,2020-07-31,334.633728,348.611359,329.340942,345.554657,12030600492.0,3.2635470026500144,1.715562915359008
335,2020-08-01,345.798615,388.847961,343.587433,385.199707,14045259477.0,11.394230714313302,16.746121578384134
336,2020-08-02,385.549866,411.228302,357.143646,370.671722,18909744275.0,-3.858941556473014,34.63435336289729
337,2020-08-03,371.13385,396.506989,369.336334,386.295166,12834648062.0,4.08513424469366,-32.12680258733959
338,2020-08-04,386.156464,400.700623,382.985107,389.875488,14086704221.0,0.9630873355003556,9.755282364983636
339,2020-08-05,389.710815,406.303955,386.218475,401.590576,12875466638.0,3.0483529177910995,-8.598445484461344
340,2020-08-06,401.583862,403.488678,392.600189,394.961945,11304626458.0,-1.6489499769789047,-12.200258244341233
341,2020-08-07,395.226868,398.249023,367.935516,379.512848,12751687084.0,-3.9759493274126303,12.800605410326952
342,2020-08-08,379.551575,393.987366,377.349731,393.987366,9342060531.0,3.8033806077606167,-26.73863097909751
343,2020-08-09,395.305237,399.737091,385.830719,391.120453,9451065592.0,-1.0586209360034304,1.1668203244700213
344,2020-08-10,391.041504,399.375946,391.041504,395.887573,11685827893.0,1.2392722896237633,23.645612013227893
345,2020-08-11,395.894714,398.478912,370.860626,380.384064,12792218737.0,-3.917872467476289,9.467800263109694
346,2020-08-12,380.063812,391.312317,367.923615,391.02417,12408772745.0,2.8838204674956116,-2.9974940226039695
347,2020-08-13,390.838104,432.904602,379.710876,428.741791,18480303526.0,9.698053135576563,48.92934140845207
348,2020-08-14,428.677277,444.577759,423.345856,437.397827,15064589987.0,2.034292571098888,-18.482994796023895
349,2020-08-15,437.562988,441.754608,429.874603,433.354919,12416067894.0,-0.9617058835881299,-17.58110971015835
350,2020-08-16,433.350586,436.265839,415.086243,433.786621,12168816874.0,0.10061945549094144,-1.9913794134412133
351,2020-08-17,433.973755,442.734985,422.647278,429.53125,13227089410.0,-1.0236805679642962,8.696593489389377
352,2020-08-18,429.669617,432.580292,419.674103,423.669312,11978984079.0,-1.3964927382798924,-9.435978636814854
353,2020-08-19,423.738586,427.024658,396.678345,406.463776,13137391167.0,-4.07676113782095,9.6703283046412
354,2020-08-20,406.758911,418.734436,404.026093,416.439789,10043032427.0,2.380003913423794,-23.553829680985398
355,2020-08-21,416.148773,418.63797,387.441132,389.126343,11781796374.0,-6.4934542051383115,17.313136840277974
356,2020-08-22,389.031097,396.466583,382.814636,395.835144,10131847985.0,1.7489725249393173,-14.004217494720045
357,2020-08-23,395.562836,396.490417,385.039795,391.384491,8137303970.0,-1.0563037322343343,-19.685885713572517
358,2020-08-24,391.678986,409.38858,389.314606,408.144196,10328860398.0,4.20375118107562,26.932217796946816
359,2020-08-25,408.071686,408.527924,374.355377,384.001038,12428442042.0,-5.898632231984849,20.327331022951444
360,2020-08-26,383.977448,391.87326,378.705841,386.466125,9967343483.0,0.6481310329454546,-19.802148577296315
361,2020-08-27,386.609863,395.349182,374.866486,382.632629,10457777652.0,-1.0287461290143054,4.920410035396791
362,2020-08-28,382.629578,397.757629,381.273834,395.874664,9120674421.0,3.4615949109924835,-12.785730156963945
363,2020-08-29,395.687592,405.616364,393.037415,399.921478,8777703481.0,1.070007269775592,-3.7603681939388465
364,2020-08-30,399.616699,428.663971,399.608368,428.395721,11211948040.0,7.2016565053503925,27.732134769294785
365,2020-08-31,428.509003,438.560333,419.770172,435.079742,12774741797.0,1.5333957872525732,13.938646089194684
366,2020-09-01,434.874451,487.211884,432.079193,477.05191,18862763756.0,9.698766828681778,47.656712407523585
367,2020-09-02,477.007874,480.330994,424.460022,440.040497,19691854014.0,-7.749846284508083,4.3953805959971115
368,2020-09-03,440.23999,449.532471,381.1297,385.671936,19622845896.0,-12.39506978909389,-0.3504399227768925
369,2020-09-04,384.671631,402.411743,371.636688,388.24115,16747106257.0,0.927939237609132,-14.655058976874514
370,2020-09-05,388.038391,394.172272,316.774353,335.260071,29880047640.0,-13.60131399988204,78.41916795333319
371,2020-09-06,335.334564,359.764038,319.041901,353.362274,27643678917.0,5.376036930091111,-7.484488478546482
372,2020-09-07,353.450256,358.211884,326.254364,352.673492,21763614732.0,-0.21976614440477704,-21.27091767580886
373,2020-09-08,353.202271,355.562866,328.816772,337.602112,17991403432.0,-4.416777659960182,-17.33265060262968
374,2020-09-09,337.824921,359.16449,332.165009,351.110016,14547933520.0,3.9325384760468736,-19.13952919245505
375,2020-09-10,351.429321,377.393585,351.111755,368.101898,31421134556.0,4.744219108570053,115.98349011427156
376,2020-09-11,368.1185,376.630402,355.582581,374.695587,27296269329.0,1.7866765728970442,-13.12767754979853
377,2020-09-12,374.595398,387.538452,367.842194,387.183105,13295405814.0,3.360347475491416,-51.292223659755784
378,2020-09-13,387.519287,388.959808,354.340179,365.570007,15005899191.0,-5.664048406447456,12.865296486090394
379,2020-09-14,365.699585,384.485199,357.569763,377.26886,17536695361.0,3.163600800914227,16.865341675211845
380,2020-09-15,377.154022,381.508301,363.606812,364.839203,16140584321.0,-3.2651962544893665,-7.96108395145429
381,2020-09-16,364.743988,372.767426,356.682739,365.812286,16107612177.0,0.29288981728191504,-0.2042809810615158
382,2020-09-17,365.865784,393.901611,364.795135,389.019226,19899531080.0,6.328397738335647,23.541160920266424
383,2020-09-18,389.337494,391.904144,376.964996,384.364532,14108357740.0,-1.2772882336372144,-29.102059323500402
384,2020-09-19,384.041656,387.076355,378.72406,385.544373,11049507684.0,0.3912901052587947,-21.68112059795274
385,2020-09-20,385.597992,385.597992,367.09436,371.052826,12292195784.0,-3.772106261383227,11.246547226709906
386,2020-09-21,371.400146,375.73703,336.06897,341.786072,17398267133.0,-7.973630144991923,41.53913132140525
387,2020-09-22,341.723816,346.60083,336.855042,344.503174,12732578043.0,0.8133345906449793,-26.816975819105558
388,2020-09-23,344.622498,345.63559,317.692078,320.585541,12047020995.0,-6.974865871931561,-5.384275247987969
389,2020-09-24,320.618317,351.46463,318.418976,349.356659,13460565701.0,8.963412405411631,11.733562235731789
390,2020-09-25,349.363129,357.957245,339.350311,352.161865,12254269350.0,0.8010965576164055,-8.961706200136767
391,2020-09-26,352.53125,355.960632,348.129639,354.965271,11036752997.0,0.6904412020210897,-9.935446318551827
392,2020-09-27,354.587219,362.051361,349.094391,357.321686,11464393949.0,0.7711690815342093,3.874698945570685
393,2020-09-28,357.311157,366.890259,354.825134,354.9505,12102509266.0,-0.6606726248965138,5.566062365256217
394,2020-09-29,354.974823,360.793488,351.819458,359.963409,10286529445.0,1.405335160910834,-15.004985999900825
395,2020-09-30,359.942352,361.210327,353.614349,360.022369,9773649426.0,0.0222305042891974,-4.985938374475727
396,2020-10-01,360.004639,369.286987,347.197937,353.231293,12360670278.0,-1.8814607552876572,26.46934363246108
397,2020-10-02,353.220184,354.075226,337.356934,346.532654,12946215647.0,-1.8933034698832605,4.737165184659737
398,2020-10-03,346.502655,351.62793,344.886658,347.321594,8599594017.0,0.23634422079680753,-33.574457189018275
399,2020-10-04,347.27243,354.253326,345.398712,353.121918,9308536486.0,1.6844089811563816,8.243906254161953
400,2020-10-05,353.045807,355.217896,350.197632,354.2771,9933790982.0,0.3487629581166485,6.717001076811378
401,2020-10-06,354.137787,355.504059,338.520233,341.021149,11497841885.0,-3.7038233369883296,15.744753496767302
402,2020-10-07,341.091675,342.591248,335.5336,342.119781,10537119715.0,0.30141632744334196,-8.35567387000991
403,2020-10-08,342.094971,352.800385,336.497101,351.455658,11511016796.0,2.7362831358313193,9.242535980810958
404,2020-10-09,,,,,,,
405,2020-10-10,365.402466,378.267151,365.354034,370.96759,13618484324.0,1.5230121627038962,
406,2020-10-11,370.928436,377.246796,369.828033,375.142059,12584512533.0,1.1359665614852028,-7.592414591819301
407,2020-10-12,,,,,,,
408,2020-10-13,,,,,,,
409,2020-10-14,381.971466,387.296173,374.175018,379.484039,13918846567.0,-0.6512075433404297,
410,2020-10-15,379.19223,381.208771,371.354126,377.441833,14964182545.0,-0.4616120430526809,7.510219851682054
411,2020-10-16,377.8685,380.021515,362.597412,366.229004,14670784817.0,-3.0803033330378184,-1.9606665924964497
412,2020-10-17,366.015717,369.768127,364.489014,368.855927,10951115359.0,0.7759803385710929,-25.35426362255532
413,2020-10-18,368.727539,378.597656,368.12915,378.213684,11047103109.0,2.5726706027238238,0.8765111758330076
414,2020-10-19,378.469635,383.317657,373.702271,379.935608,12811242092.0,0.38734230290364496,15.969245200244107
415,2020-10-20,379.719696,380.761017,367.601074,369.136902,13741586582.0,-2.7870015992006847,7.261938251724671
416,2020-10-21,369.059418,400.627258,368.727966,392.189972,20241324322.0,6.267433608752945,47.29976193952711
417,2020-10-22,391.488617,420.141663,391.276306,413.77298,15772846485.0,5.692212246365274,-22.07601521479144
418,2020-10-23,414.051331,418.95993,403.082031,409.766693,14256222052.0,-1.034808411230546,-9.615413644216419
419,2020-10-24,409.767242,416.59967,407.851715,412.457611,12201739194.0,0.6565602918546563,-14.411131157372632
420,2020-10-25,412.457642,417.15921,405.350647,406.217773,10890207469.0,-1.5128508638470077,-10.74872773583723
421,2020-10-26,406.217987,411.279877,383.782898,393.888306,15155684229.0,-3.0352375804570153,39.16800274138102
422,2020-10-27,393.888184,409.772858,390.608459,403.99704,13940434102.0,2.5664278367893365,-8.01844449011844
423,2020-10-28,403.997101,408.964752,381.146332,388.650757,15276441134.0,-3.7986272579713356,9.583683135149473
424,2020-10-29,388.651062,393.227692,381.288757,386.730103,12920477749.0,-0.49426315474728816,-15.422200526511714
425,2020-10-30,386.730255,391.464722,375.092407,382.819977,13688056970.0,-1.0111125130357346,5.940795966769944
426,2020-10-31,382.820038,393.010132,381.295258,386.590332,11276963426.0,0.9848737332814272,-17.61457852845275
427,2020-11-01,386.590332,397.116119,385.165527,396.358185,10475146018.0,2.5266676870750104,-7.110224425764667
428,2020-11-02,396.355988,403.240753,381.017639,383.156738,13997574252.0,-3.3301502688537674,33.62653110464737
429,2020-11-03,383.156036,389.515381,371.312744,387.602173,12588494762.0,1.160398527559676,-10.06659771637695
430,2020-11-04,387.60321,407.665649,377.827606,402.141998,15126077675.0,3.750946231843645,20.157953440629157
431,2020-11-05,402.142944,417.52594,397.245819,414.067352,15440711038.0,2.965216268969282,2.0800723740829263
432,2020-11-06,414.066711,456.200623,412.9823,454.719299,16738305610.0,9.817883669474694,8.403722916688132
433,2020-11-07,454.722565,465.675476,428.45636,435.713135,18873289788.0,-4.180445718588861,12.755079443193415
434,2020-11-08,435.718811,457.780457,433.153778,453.554779,11292383601.0,4.093458338203346,-40.16738084432999
435,2020-11-09,453.574158,457.349609,435.163879,444.163055,13704320630.0,-2.0748763645392745,21.358971801014714
436,2020-11-10,444.166382,453.758362,439.600128,449.679626,12090381666.0,1.2412564803249755,-11.77686225807459
437,2020-11-11,449.679657,473.578857,449.524933,462.960541,14075403511.0,2.9534100093836257,16.41819009388417
438,2020-11-12,462.959534,467.677826,452.072418,461.00528,12877327234.0,-0.422121990471848,-8.511843202674063
439,2020-11-13,461.005493,475.217255,457.298248,474.626434,13191505725.0,2.9546157707062326,2.4397802843005705
440,2020-11-14,474.626434,475.161438,452.986084,460.149841,10312037942.0,-3.05010255707756,-21.828196439644877
441,2020-11-15,460.149902,460.99408,440.254333,447.559082,10308617165.0,-2.736243112358635,-0.033172657230705914
442,2020-11-16,447.55899,463.831024,445.501617,459.940308,11441239444.0,2.76641030046118,10.987140766518126
443,2020-11-17,464.406647,482.232208,460.776611,480.360077,14593057877.0,3.4352286090340924,27.547875808620304
444,2020-11-18,480.346832,491.999908,465.830963,479.48407,17880199224.0,-0.1796123014713735,22.525377304100445
445,2020-11-19,479.481018,480.121735,465.704254,471.630432,12473929218.0,-1.6373090289885095,-30.236072530687146
446,2020-11-20,471.63147,513.610352,471.63147,509.744568,18629943296.0,8.081118505514494,49.3510422451076
447,2020-11-21,509.744598,550.227417,504.237762,549.486633,20757099184.0,7.796460257927047,11.417940753779522
448,2020-11-22,549.486633,579.372498,514.517212,558.068115,21967049601.0,1.5617271621601123,5.829092043519523
449,2020-11-23,558.059509,609.98761,551.265259,608.454041,27272302872.0,9.030315080609066,24.150959584297066
450,2020-11-24,608.522766,621.173401,593.835144,603.897766,23281758100.0,-0.7600372999027615,-14.632225194657188
451,2020-11-25,603.902039,605.094177,559.671387,570.686646,20088492893.0,-5.500129301600181,-13.715739134837932
452,2020-11-26,570.514893,575.641479,485.497314,518.801147,31104004592.0,-9.064398955138234,54.83493340029727
453,2020-11-27,519.108093,530.777161,497.242615,517.493713,16831105703.0,-0.3109911060469821,-45.88765683461548
454,2020-11-28,517.597351,548.044861,508.125366,538.229797,14770243833.0,3.986196212198149,-12.244364133680588
455,2020-11-29,538.264587,576.602417,531.987549,575.758057,15017517758.0,6.96562079422104,1.674135700099515
456,2020-11-30,575.75708,615.24054,571.537781,614.842529,20276867833.0,6.788531197914239,35.02143403291989
457,2020-12-01,615.070313,635.160583,571.753967,587.324158,27178964465.0,-4.511054169509241,34.03926429291531
458,2020-12-02,587.261597,604.022461,578.741028,598.352356,16883292129.0,1.8885551271625094,-37.88103240378551
459,2020-12-03,598.459229,622.452698,588.346375,616.70874,16146190946.0,3.049415919359142,-4.3658616895806714
460,2020-12-04,616.722778,618.983154,569.283508,569.354187,16337589997.0,-7.680694258385236,1.1854130280022268
461,2020-12-05,569.347656,596.595459,563.106628,596.595459,13498010566.0,4.7857934801087465,-17.38065058262216
462,2020-12-06,596.568665,606.791931,584.411743,601.908997,11290893016.0,0.8951747406981205,-16.35142852502639
463,2020-12-07,601.797119,602.917908,585.42865,591.843384,10720480962.0,-1.654001769988523,-5.0519658028083825
464,2020-12-08,591.900818,594.751587,552.469238,554.827759,14398919320.0,-6.263390397950075,34.31225120438771
465,2020-12-09,554.792908,577.288391,532.998413,573.479126,15855915840.0,3.368142910723714,10.118790776028879
466,2020-12-10,573.504028,574.600159,549.784058,559.678528,11672582040.0,-2.4107066951585425,-26.383425859556027
467,2020-12-11,559.679199,560.376709,537.811646,545.797363,11098819124.0,-2.480320159263239,-4.915475548030503
468,2020-12-12,545.578552,573.339417,545.245605,568.567322,8534557897.0,4.213649879696892,-23.10391041020807
469,2020-12-13,568.609863,593.78125,564.565979,589.663208,9070377862.0,3.7025993339127212,6.278239265192016
470,2020-12-14,589.782471,590.492981,577.118408,586.011169,8125837102.0,-0.6394394858167957,-10.41346649908729
471,2020-12-15,586.02179,596.247742,580.628784,589.355591,9326645840.0,0.5688868668176987,14.777661955645735
472,2020-12-16,589.378662,636.64032,582.039124,636.181824,15817248373.0,7.941102217915049,69.59203388171112
473,2020-12-17,636.154175,673.834229,628.74939,642.868958,25479532147.0,1.0555276163989666,61.087007968424466
474,2020-12-18,642.916992,662.699097,632.356079,654.811951,15756303983.0,1.8501547086190517,-38.16093681745576
475,2020-12-19,654.624207,668.769592,646.616211,659.297913,12830893778.0,0.7139525165771999,-18.566601711647113
476,2020-12-20,659.185059,659.923706,625.014465,638.290833,13375855442.0,-3.169705641037596,4.247261908865598
477,2020-12-21,638.315186,646.846558,600.83606,609.817871,14419493621.0,-4.464458252760426,7.802403244602889
478,2020-12-22,609.420532,635.076599,589.552002,634.854187,14745890080.0,4.173416165768443,2.263577817494566
479,2020-12-23,634.824585,637.122803,560.364258,583.7146,15261413038.0,-8.05104058784994,3.4960450349430516
480,2020-12-24,584.13562,613.815186,568.596375,611.607178,14317413703.0,4.702941758627896,-6.185530348005774
481,2020-12-25,611.554565,633.061401,605.424438,626.410706,13520927700.0,2.42924210695737,-5.56305782260876
482,2020-12-26,626.498047,650.721436,617.4021,635.835815,14761125202.0,1.4904704084416693,9.172429063428837
483,2020-12-27,635.887146,711.393555,628.334961,682.642334,26093552821.0,7.352749350904472,76.77211231474791
484,2020-12-28,683.205811,745.877747,683.205811,730.397339,24222565862.0,6.907366307515196,-7.17030360654543
485,2020-12-29,730.358704,737.952881,692.149414,731.520142,18710683199.0,0.15902295593097712,-22.755156057381022
486,2020-12-30,731.472839,754.303223,720.988892,751.618958,17294574210.0,2.7541855180216746,-7.568451530811469
487,2020-12-31,751.626648,754.299438,726.511902,737.803406,13926846861.0,-1.8391101535293157,-19.472739300240917
488,2021-01-01,737.708374,749.201843,719.792236,730.367554,13652004358.0,-0.9950842716067647,-1.9734725723857445
489,2021-01-02,730.402649,786.798462,718.109497,774.534973,19740771179.0,6.042191120257018,44.59980132830837
490,2021-01-03,774.511841,1006.565002,771.561646,975.50769,45200463368.0,25.951294526431912,128.9700992840833
491,2021-01-04,977.058838,1153.189209,912.305359,1040.233032,56945985763.0,6.465751246804653,25.985402626016725
492,2021-01-05,1041.498779,1129.37146,986.811279,1100.006104,41535932781.0,5.6176086021124405,-27.060823999314287
493,2021-01-06,1101.005005,1209.428589,1064.233398,1207.112183,44699914188.0,9.637302057496095,7.617456007746903
494,2021-01-07,1208.078369,1282.57959,1167.443115,1225.678101,40468027280.0,1.4568369446568497,-9.467326693741347
495,2021-01-08,1225.967896,1273.827515,1076.081543,1224.197144,44334826666.0,-0.14443706118060773,9.555196153361889
496,2021-01-09,1223.740479,1303.871826,1182.270386,1281.077271,33233105361.0,4.685371856527438,-25.04063315423722
497,2021-01-10,1280.871094,1347.926147,1194.715576,1262.246704,40616938053.0,-1.4540409325530594,22.21830494560144
498,2021-01-11,1261.622925,1261.622925,924.922607,1090.145386,60733630300.0,-13.591821740239856,49.52784038213379
499,2021-01-12,1088.526733,1149.240234,1012.76416,1043.43457,37494601692.0,-4.142494771416884,-38.26385561542828
500,2021-01-13,1043.740967,1134.338501,994.549072,1130.73938,30109792795.0,8.335249429756265,-19.695659011562864
501,2021-01-14,1130.231201,1244.163086,1093.060791,1218.453003,33410915929.0,7.805642059955839,10.963619565486287
502,2021-01-15,1221.877197,1250.505859,1090.721069,1171.834595,35972039310.0,-4.095550855917969,7.665528794369257
503,2021-01-16,1171.443115,1290.053589,1157.623779,1233.537598,32319240157.0,5.300682739511415,-10.154551209957521
504,2021-01-17,1233.453369,1265.644653,1174.38855,1230.172241,29258032819.0,-0.2660115155111373,-9.471780039163376
505,2021-01-18,1230.313232,1259.450073,1187.311035,1257.279541,25817455560.0,2.191824675100311,-11.75942784767713
506,2021-01-19,1257.43457,1432.300049,1254.522949,1377.295898,47195935190.0,9.532211922565498,82.80629971577261
507,2021-01-20,1375.248413,1405.744141,1243.299927,1382.274048,46784030909.0,0.5108629781781807,-0.8727537219927266
508,2021-01-21,1382.684448,1382.684448,1098.476196,1121.570923,45932464754.0,-18.88453474526966,-1.8202068920833012
509,2021-01-22,1118.889038,1271.687622,1046.596558,1236.512207,43918338506.0,10.512496324948351,-4.384973153056414
510,2021-01-23,1235.267944,1272.151123,1200.893311,1230.990601,27253895441.0,-0.3462684368015927,-37.94415643188175
511,2021-01-24,1231.210571,1395.111328,1225.274048,1391.609375,36418163554.0,13.02773122470209,33.625534862856824
512,2021-01-25,1390.639893,1467.784912,1304.973999,1324.414795,43565777745.0,-4.762203237038887,19.626509119279685
513,2021-01-26,1323.741699,1376.085083,1253.340332,1357.058105,41572917750.0,2.516835877057322,-4.574370292812501
514,2021-01-27,1358.333374,1368.074097,1215.311279,1253.187134,39394416990.0,-7.740827252912659,-5.240192120025061
515,2021-01-28,1251.279785,1321.613037,1226.17395,1298.101807,39790481941.0,3.741930666609471,1.0053834559870205
516,2021-01-29,1369.086792,1428.981201,1292.240112,1382.522827,53611955259.0,0.9813866497369544,34.73562682275128
517,2021-01-30,1382.231934,1402.39978,1328.529053,1376.115479,30616574234.0,-0.44250569311473165,-42.892263328037636
518,2021-01-31,1376.823608,1378.916016,1288.501587,1314.986206,25198853581.0,-4.491308954952194,-17.695384897058698
519,2021-02-01,1314.855225,1373.845825,1274.357788,1369.040527,29210670920.0,4.12100898789067,15.920634349909157
520,2021-02-02,1369.505127,1542.990967,1362.77124,1515.193726,45437142801.0,10.638046994328636,55.54980892236213
521,2021-02-03,1514.769653,1660.909546,1510.010254,1660.909546,41874566399.0,9.647664429411435,-7.840669950579712
522,2021-02-04,1661.170166,1689.186646,1561.853516,1594.762695,44396871836.0,-3.997632052344492,6.023478339969712
523,2021-02-05,1594.793335,1756.510986,1594.793335,1718.650879,40108628454.0,7.766369552829863,-9.65888632388465
524,2021-02-06,1717.797485,1738.314453,1649.068726,1677.846802,39873420648.0,-2.3256922512027094,-0.5864269486795252
525,2021-02-07,1677.605713,1690.036621,1501.750244,1614.227783,39889440151.0,-3.7778799576608195,0.040175893464017405
526,2021-02-08,1613.642212,1770.59082,1571.579956,1746.616821,48012285956.0,8.240650127464571,20.36339887010514
527,2021-02-09,1746.926147,1815.963623,1711.620605,1768.035034,44180727529.0,1.208344556308258,-7.980370754500969
528,2021-02-10,1768.039795,1826.696777,1686.542358,1744.243408,41916084617.0,-1.3459191963493033,-5.125861520758118
529,2021-02-11,1743.714233,1806.539063,1708.679199,1783.797974,36021495262.0,2.2987563123251826,-14.062833895056407
530,2021-02-12,1783.489136,1861.356934,1744.168945,1843.532593,37905036865.0,3.3666286936103877,5.228937858631861
531,2021-02-13,1843.986816,1871.603516,1770.612061,1814.109863,35359490535.0,-1.6202368010856856,-6.715588588044498
532,2021-02-14,1814.372314,1848.154053,1789.914185,1805.084106,31439114900.0,-0.5119240372183027,-11.087194910569998
533,2021-02-15,1804.676758,1833.830566,1683.906616,1779.791016,38955610883.0,-1.3789584140031443,23.90810303314232
534,2021-02-16,1778.945557,1824.518677,1729.641968,1781.067505,34269369268.0,0.11928122205034827,-12.029696130487451
535,2021-02-17,1781.350098,1853.667603,1736.705811,1848.458252,35955412703.0,3.7672636095142273,4.919972182197094
536,2021-02-18,1848.206299,1949.903442,1848.206299,1937.449219,28255902969.0,4.828623300780134,-21.414049110212492
537,2021-02-19,1938.859863,1969.546997,1896.684448,1960.164795,26268814253.0,1.0988381577529212,-7.032472889576619
538,2021-02-20,1959.902954,2036.286499,1830.531494,1919.534058,34696091102.0,-2.059739535450486,32.08091833851074
539,2021-02-21,1918.673096,1974.259644,1890.368164,1935.601074,23626547717.0,0.8822752575877021,-31.904295364159662
540,2021-02-22,1935.557861,1936.453735,1580.626587,1781.99292,42409646036.0,-7.933885320310767,79.49996988127472
541,2021-02-23,1781.409058,1781.409058,1378.840942,1570.203979,52029864713.0,-11.85606854593641,22.684034355848542
542,2021-02-24,1571.47644,1710.983765,1511.018921,1626.575684,31329000537.0,3.5062087217801374,-39.78650394381624
543,2021-02-25,1625.393921,1670.224121,1465.05896,1475.703735,24481681873.0,-9.20947125899827,-21.856166959150894
544,2021-02-26,1478.65332,1559.028931,1407.979248,1446.033691,31435997881.0,-2.2060363006522588,28.40620200881572
545,2021-02-27,1446.929443,1524.932373,1433.786987,1459.973145,20742103233.0,0.9014746408750727,-34.01799010319764
546,2021-02-28,1459.860474,1468.391479,1300.472168,1416.04895,27637026080.0,-3.0010761151685212,33.24119434537577
547,2021-03-01,1417.151123,1567.69458,1416.416138,1564.707642,24032838645.0,10.412193633070986,-13.04115509594656
548,2021-03-02,1564.063477,1597.610107,1461.325439,1492.608765,22523669722.0,-4.568530181208239,-6.279611598499126
549,2021-03-03,1491.451172,1650.360596,1481.905762,1575.853149,22674780680.0,5.6590506336737105,0.6708984808652311
550,2021-03-04,1574.623779,1622.953857,1511.103394,1541.914307,22906118718.0,-2.0772880758077266,1.020243773312651
551,2021-03-05,1541.541748,1547.878174,1450.891357,1533.275024,21067146937.0,-0.536263387658838,-8.028299353722051
552,2021-03-06,1532.372803,1669.106567,1519.141113,1654.741577,22746262366.0,7.985574643483153,7.970302927213119
553,2021-03-07,1655.392456,1730.924194,1636.564453,1723.153809,23809935410.0,4.093370895487509,4.6762541769936075
554,2021-03-08,1724.229248,1835.192139,1670.942017,1834.727905,27630991158.0,6.40858268285215,16.048156713584298
555,2021-03-09,1835.148071,1868.048828,1804.266357,1868.048828,23461244507.0,1.792812117992842,-15.09083270721808
556,2021-03-10,1868.489014,1873.803223,1766.490479,1799.16626,25154173185.0,-3.7100969543083453,7.215851987284351
557,2021-03-11,1798.033936,1843.818848,1734.617065,1826.194946,24013132909.0,1.5662112619881068,-4.536186769519532
558,2021-03-12,1826.546753,1839.497314,1728.980957,1772.102417,22435821312.0,-2.980725016240524,-6.568537320712665
559,2021-03-13,1772.166382,1937.645508,1733.639893,1924.685425,25014689475.0,8.606361374933236,11.494422812240304
560,2021-03-14,1923.86377,1930.779785,1845.119995,1854.564331,19344589211.0,-3.6020969925536828,-22.66708235441727
561,2021-03-15,1854.08667,1889.196655,1749.606323,1791.702271,26244738810.0,-3.364697023575484,35.66966206279706
562,2021-03-16,1792.413818,1817.060181,1720.053223,1806.971802,23828509590.0,0.8121999425469746,-9.206527973063109
563,2021-03-17,1807.056152,1839.81897,1749.179932,1823.449341,24512917348.0,0.9071765136825638,2.872222265580648
564,2021-03-18,1823.158447,1848.646118,1705.716064,1782.855103,23263845504.0,-2.210633094798695,-5.095565845009106
565,2021-03-19,1782.568726,1841.196045,1746.473389,1817.624146,21249297710.0,1.9665676553555862,-8.659564875693562
566,2021-03-20,1817.522705,1874.708984,1811.728638,1812.634644,22677674970.0,-0.2689408493524215,6.721997496076307
567,2021-03-21,1812.606567,1823.353027,1764.139282,1788.217041,22977404620.0,-1.3455499082940228,1.3216947962985997
568,2021-03-22,1788.362183,1811.968262,1674.299805,1691.333984,23599296129.0,-5.425534040159239,2.7065350472990017
569,2021-03-23,1690.871826,1725.108765,1662.539917,1678.650146,21998237965.0,-0.7228034563040916,-6.7843471061517775
570,2021-03-24,1678.002563,1740.428223,1570.787964,1593.413452,31228051473.0,-5.041059701885569,41.95705820932099
571,2021-03-25,1593.123291,1625.911499,1560.370483,1595.359253,29650328701.0,0.14035084494913533,-5.0522613406222625
572,2021-03-26,1595.210083,1702.922852,1594.736694,1702.842041,22548516548.0,6.747196444344452,-23.951883382528845
573,2021-03-27,1703.036133,1732.824341,1674.319336,1716.494629,18102277710.0,0.790264853411655,-19.718542585872996
574,2021-03-28,1716.40564,1728.584106,1672.6604,1691.355957,16599472938.0,-1.4594267471644966,-8.301744101350437
575,2021-03-29,1691.263184,1837.187988,1683.716553,1819.684937,22796570548.0,7.593244754271201,37.33309866612344
576,2021-03-30,1819.466309,1860.974731,1793.922363,1846.033691,22512781703.0,1.4601744406359427,-1.2448751640184645
577,2021-03-31,1846.098267,1947.837769,1793.002197,1918.362061,30226902621.0,3.914406686347859,34.26551645091479
578,2021-04-01,1919.157227,1989.055054,1912.178467,1977.276855,30914259795.0,3.0283932542021037,2.2739914261756407
579,2021-04-02,1976.932739,2152.451904,1960.678711,2143.225586,34862511022.0,8.411659320494461,12.771618189087553
580,2021-04-03,2142.895996,2144.962402,2028.422485,2028.422485,32011518871.0,-5.342000321699239,-8.17781642062696
581,2021-04-04,2027.671265,2110.353516,2007.111816,2093.122803,26006501902.0,3.227916631742585,-18.758925476791692
582,2021-04-05,2093.260742,2140.985352,2032.387695,2107.887207,28889391170.0,0.6987407113948675,11.085263519344348
583,2021-04-06,2109.493164,2151.223389,2057.609131,2118.378906,29222865881.0,0.421226394645,1.154315468393445
584,2021-04-07,2117.728516,2133.1875,1945.442139,1971.077271,36116271935.0,-6.924931306917341,23.589082884858072
585,2021-04-08,1969.133179,2091.516357,1959.079468,2088.57373,25312956529.0,6.065641078713455,-29.91259846930821
586,2021-04-09,2088.772217,2102.873779,2055.16333,2072.108887,19812472092.0,-0.7977571639636718,-21.729916972354946
587,2021-04-10,2071.111572,2196.996338,2062.787598,2135.942139,24986243611.0,3.1302305426933534,26.113710065939205
588,2021-04-11,2136.156982,2165.191406,2119.865723,2157.656982,19692836132.0,1.0064803374080866,-21.185287238092958
589,2021-04-12,2157.361816,2199.71875,2110.368896,2139.353271,21727936609.0,-0.8347484815222177,10.334217292820766
590,2021-04-13,2139.364258,2318.42334,2138.55957,2299.187744,29456642939.0,7.4706065319335515,35.57036486749813
591,2021-04-14,2299.3479,2449.6875,2284.563721,2435.10498,35592822986.0,5.9041556956213475,20.83122662588214
592,2021-04-15,2436.034668,2544.267334,2409.924072,2519.116211,32325606817.0,3.4105238357798386,-9.179424094248212
593,2021-04-16,2516.601807,2547.555664,2318.675049,2431.946533,36196928256.0,-3.3638724157524296,11.976020932618892
594,2021-04-17,2429.980957,2497.385254,2333.682861,2344.89502,32349808978.0,-3.501506328882736,-10.62830318305339
595,2021-04-18,2346.452393,2365.460449,2011.766846,2237.136963,50696368718.0,-4.6587533727985635,56.7130388698025
596,2021-04-19,2238.032715,2276.776855,2086.688721,2166.188721,34060654971.0,-3.210140473750842,-32.814408936341444
597,2021-04-20,2161.939453,2345.834961,2060.143799,2330.210938,39433483315.0,7.7833578903655,15.774295440221408
598,2021-04-21,2331.160156,2467.200684,2238.366943,2364.751709,38899067643.0,1.4409800593726434,-1.355233236006607
599,2021-04-22,2357.871094,2641.094971,2315.960205,2403.535156,53575904724.0,1.9366649057363536,37.730562633783684
600,2021-04-23,2401.256348,2439.537109,2117.039551,2363.586182,55413933925.0,-1.5687690334010054,3.43070119015019
601,2021-04-24,2367.199219,2367.740967,2163.693115,2211.625732,31854226936.0,-6.57204876342096,-42.51585354125352
602,2021-04-25,2214.413818,2354.08667,2172.515137,2316.05957,31814355546.0,4.5901877586639905,-0.12516828639447977
603,2021-04-26,2319.478027,2536.337402,2308.315186,2534.481689,35208325408.0,9.269484750329134,10.66804530141338
604,2021-04-27,2534.03125,2676.392822,2485.375,2662.865234,32275969215.0,5.084151349751503,-8.32858751167334
605,2021-04-28,2664.685547,2757.477295,2564.081543,2746.380127,34269031076.0,3.065824411888847,6.175064326414527
606,2021-04-29,2748.649658,2797.972412,2672.106689,2756.876953,32578127990.0,0.2993213404281784,-4.934201618510913
607,2021-04-30,2757.734131,2796.054932,2728.169922,2773.207031,29777179889.0,0.5610729412261733,-8.597633669619578
608,2021-05-01,2772.838379,2951.440918,2755.908447,2945.892822,28726205272.0,6.241057694188818,-3.529463236336363
609,2021-05-02,2945.560059,2984.891846,2860.526123,2952.056152,28032013047.0,0.22053846704472171,-2.4165817184236404
610,2021-05-03,2951.175781,3450.037842,2951.175781,3431.086182,49174290212.0,16.261667776271306,75.42190112979652
611,2021-05-04,3431.131592,3523.585938,3180.742676,3253.629395,62402045158.0,-5.173284446853131,26.899737421674125
612,2021-05-05,3240.554688,3541.462646,3213.101563,3522.783203,48334198383.0,8.70926560953011,-22.543887366801293
613,2021-05-06,3524.930908,3598.895996,3386.23999,3490.880371,44300394788.0,-0.9659916148347842,-8.34565117442552
614,2021-05-07,3490.105225,3573.290039,3370.261963,3484.729004,39607240515.0,-0.15404180256484926,-10.593933294407734
615,2021-05-08,3481.988037,3950.165039,3453.768555,3902.647705,50208491286.0,12.08101990960401,26.765941361113278
616,2021-05-09,3911.463135,3981.259033,3743.989014,3928.844727,50568290278.0,0.44437570801751103,0.7166098458336376
617,2021-05-10,3924.41333,4197.473145,3684.45166,3952.293945,62691789007.0,0.710440329688719,23.97450786322984
618,2021-05-11,3948.271973,4178.208984,3783.889404,4168.701172,52679737865.0,5.582928443313704,-15.970275056087619
619,2021-05-12,4174.635742,4362.350586,3785.848633,3785.848633,69023382175.0,-9.313078625962675,31.02453613547418
620,2021-05-13,3828.918457,4032.563477,3549.407227,3715.148438,78398214539.0,-2.971335646806647,13.582110972527115
621,2021-05-14,3720.122314,4171.01709,3703.399902,4079.057373,48174271215.0,9.648474665717668,-38.55182608650454
622,2021-05-15,4075.95166,4129.185547,3638.12207,3638.12207,42422321751.0,-10.74177582371034,-11.939878526297287
623,2021-05-16,3641.830811,3878.895996,3350.95166,3587.506104,47359478734.0,-1.4916867317370763,11.638111209421533
624,2021-05-17,3581.343018,3587.765625,3129.008789,3282.397705,54061732774.0,-8.347296293526949,14.151874596517386
625,2021-05-18,3276.872314,3562.465088,3246.404053,3380.070068,40416525218.0,3.1492760202801056,-25.240048470222938
626,2021-05-19,3382.657227,3437.935791,1952.460205,2460.679199,84482912776.0,-27.256028800106385,109.03061883799572
627,2021-05-20,2439.638672,2993.145264,2170.229004,2784.294189,67610826680.0,14.127318153940141,-19.971004244059447
628,2021-05-21,2772.341309,2938.205078,2113.347168,2430.621338,53774070802.0,-12.326042608486052,-20.465296103372538
629,2021-05-22,2436.014648,2483.983154,2168.124268,2295.705566,42089937660.0,-5.759779897678176,-21.728191613057934
630,2021-05-23,2298.367188,2384.411621,1737.46875,2109.579834,56005721977.0,-8.213977078409284,33.062021686539126
631,2021-05-24,2099.936035,2672.595703,2090.639648,2643.591064,53697121740.0,25.88912328465281,-4.122079236739557
632,2021-05-25,2649.033203,2750.534912,2394.355469,2706.628906,49558333256.0,2.1742159718788527,-7.707654246422929
633,2021-05-26,2707.052734,2911.735596,2652.094482,2888.69873,42499766020.0,6.710101865344756,-14.242947194244923
634,2021-05-27,2888.752441,2888.752441,2642.60791,2736.488525,33373635283.0,-5.270922971415669,-21.473367012668557
635,2021-05-28,2742.468994,2761.363281,2336.361328,2419.90625,39999114805.0,-11.761764479587763,19.852435809936818
636,2021-05-29,2414.067139,2566.938477,2208.490967,2279.51416,33773720220.0,-5.573704924202609,-15.563830888132074
637,2021-05-30,2278.288818,2472.187744,2188.834473,2390.30542,25876619428.0,4.916698932768942,-23.38238352351697
638,2021-05-31,2387.198486,2715.85498,2279.505127,2714.945313,31007383150.0,13.729349650735346,19.82779758490484
639,2021-06-01,2707.560547,2739.737549,2531.160645,2633.518311,27363223090.0,-2.7346474701014407,-11.752555971496099
640,2021-06-02,2634.456055,2801.392334,2555.401367,2706.125,27723267359.0,2.72044564432865,1.3157962708405488
641,2021-06-03,2708.376221,2891.254883,2667.684326,2855.126465,30038207402.0,5.418384745152429,8.350170320918124
642,2021-06-04,2857.165527,2857.165527,2562.637451,2688.195068,34173841611.0,-5.913919141304273,13.76791282400108
643,2021-06-05,2691.619385,2817.484863,2558.233643,2630.576904,30496672724.0,-2.2678719487673757,-10.76018590141876
644,2021-06-06,2629.748779,2743.441162,2616.162354,2715.092773,25311639414.0,3.245328781270625,-17.00196397464543
645,2021-06-07,2713.047363,2845.185059,2583.995117,2590.263184,30600111277.0,-4.525692425222885,20.893438692378492
646,2021-06-08,2594.602295,2620.846191,2315.546631,2517.438721,41909736778.0,-2.974003921475763,36.95942605771067
647,2021-06-09,2510.199219,2625.070557,2412.197754,2608.26709,36075832186.0,3.9067764127130715,-13.92016519431455
648,2021-06-10,2611.142578,2619.957764,2435.401611,2471.518555,28753626390.0,-5.3472385681422505,-20.296706554815216
649,2021-06-11,2472.858887,2495.414795,2326.869629,2353.768799,24832564195.0,-4.81588693257287,-13.636757123489913
650,2021-06-12,2354.752197,2447.227783,2265.758057,2372.484375,25724364410.0,0.7530379639348609,3.5912530337062925
651,2021-06-13,2372.690186,2547.36792,2312.640137,2508.391602,27092945370.0,5.719306161449278,5.320174050512138
652,2021-06-14,2508.770508,2606.432861,2469.388184,2537.891113,26964576331.0,1.1607520459579663,-0.47380983221611245
653,2021-06-15,2587.762695,2639.229248,2515.153076,2610.936768,29005279219.0,0.8955254299312841,7.568088083230489
654,2021-06-16,2544.864746,2554.628906,2354.350586,2367.663574,24101926180.0,-6.96308801002189,-16.90503650034868
655,2021-06-17,2367.306396,2457.175537,2312.301514,2372.001953,21871633186.0,0.198350201221693,-9.253588187697288
656,2021-06-18,2374.586914,2377.195068,2147.30835,2231.733154,22752818388.0,-6.015941516301979,4.028895302450689
657,2021-06-19,2235.15918,2278.415039,2168.88501,2178.499023,18765854896.0,-2.5349495242661084,-17.522943417430664
658,2021-06-20,2171.337891,2275.382813,2049.962646,2246.364502,22535930423.0,3.455317171545632,20.090081415921016
659,2021-06-21,2245.317871,2259.464111,1867.185425,1888.44751,33745173825.0,-15.893979449825535,49.73943028578013
660,2021-06-22,1886.667603,1993.15979,1707.600586,1874.950073,35547251725.0,-0.6210701864688839,5.340253718488587
661,2021-06-23,1878.625,2043.530396,1827.571533,1989.736328,28408659206.0,5.914502787943307,-20.08198151076615
662,2021-06-24,1968.957397,2032.339355,1887.432007,1988.456299,20272845769.0,0.990316094685925,-28.638498487396724
663,2021-06-25,1989.21582,2017.759521,1794.400391,1813.217285,22774334998.0,-8.84763398875442,12.339112414228124
664,2021-06-26,1810.884277,1850.17981,1719.559448,1829.239258,20637542361.0,1.013592156778108,-9.382458970537007
665,2021-06-27,1830.996948,1979.95813,1811.24585,1978.894653,19885474742.0,8.077441372119647,-3.644172381791096
666,2021-06-28,1981.386475,2139.80542,1963.615479,2079.657471,25514602841.0,4.95970863029132,28.307738045150867
667,2021-06-29,2083.44873,2242.23877,2076.240234,2160.768311,24815124419.0,3.711134326785173,-2.741482696630465
668,2021-06-30,2164.216309,2282.989014,2090.760742,2274.547607,25828056268.0,5.0979792334611815,4.081913239268051
669,2021-07-01,2274.397461,2274.397461,2081.081055,2113.605469,29061701793.0,-7.069652281853296,12.519894998859696
670,2021-07-02,2109.892578,2155.596436,2021.824829,2150.040283,31796212554.0,1.9028317089989717,9.409327714107413
671,2021-07-03,2150.834961,2237.567139,2117.590088,2226.114258,17433361641.0,3.500003411000908,-45.17157786829909
672,2021-07-04,2226.550293,2384.286865,2190.837646,2321.724121,18787107473.0,4.2744971132794625,7.765259849920417
673,2021-07-05,2321.922852,2321.922852,2163.041504,2198.58252,20103794829.0,-5.311990960154443,7.008462361181916
674,2021-07-06,2197.919434,2346.294922,2197.919434,2324.679443,20891861314.0,5.767272768925346,3.9199886971747406
675,2021-07-07,2323.208496,2403.773438,2298.026855,2315.161865,22398345285.0,-0.34635853879901446,7.210865266420656
676,2021-07-08,2317.949219,2324.006836,2089.414307,2120.026367,23188123689.0,-8.538705264880099,3.526056920503447
677,2021-07-09,2115.573975,2185.376221,2051.06665,2146.692383,23029574602.0,1.4709203444422347,-0.6837512561450267
678,2021-07-10,2146.999756,2190.124023,2081.923584,2111.403564,17581542471.0,-1.6579504445924105,-23.65667722983848
679,2021-07-11,2110.875732,2172.65332,2083.803711,2139.664795,14705386138.0,1.3638445202419982,-16.358953361140504
680,2021-07-12,2140.506836,2167.710205,2011.018921,2036.721069,17768129077.0,-4.848653844710267,20.82735475463378
681,2021-07-13,2034.098389,2040.693604,1922.577881,1940.083984,16621628658.0,-4.621920232984359,-6.452566919294222
682,2021-07-14,1941.167847,2015.107422,1869.223145,1994.331299,17342819679.0,2.738735451556241,4.338870972507801
683,2021-07-15,1994.712036,2037.742554,1883.272217,1911.175659,15688092552.0,-4.187891559902329,-9.541280816081303
684,2021-07-16,1916.598389,1959.696289,1853.590332,1880.382935,14884569147.0,-1.8895692601983038,-5.121868081391212
685,2021-07-17,1876.881348,1917.5979,1855.59082,1898.825195,13364282076.0,1.169165382957389,-10.213846675611805
686,2021-07-18,1900.194336,1988.336426,1883.012573,1895.552124,13791868728.0,-0.2443019596496667,3.199473414047984
687,2021-07-19,1893.053589,1916.118042,1807.909912,1817.296631,14157735481.0,-4.001839062570784,2.6527714279735277
688,2021-07-20,1819.082031,1836.998047,1722.050781,1787.510742,17368597636.0,-1.735561588866026,22.67920713244748
689,2021-07-21,1786.276245,2025.68042,1759.023315,1990.970825,21253359756.0,11.459290273436967,22.366584806755093
690,2021-07-22,1994.822876,2044.116455,1954.297852,2025.202759,17495480331.0,1.522936365203387,-17.68134294126894
691,2021-07-23,2025.105713,2129.441162,2000.436279,2124.776611,16200392492.0,4.921762718863055,-7.402413734850432
692,2021-07-24,2123.961182,2197.649414,2107.323486,2189.21875,16057446601.0,3.0724463588619386,-0.8823606654628205
693,2021-07-25,2187.145508,2194.438232,2108.829834,2191.373779,14566483636.0,0.19332371735369466,-9.285180901097615
694,2021-07-26,2191.309814,2428.817139,2177.32959,2233.366699,29614324233.0,1.9192578215688108,103.30455155155195
695,2021-07-27,2230.197021,2316.950195,2154.731201,2298.333496,23067480378.0,3.0551773838101743,-22.107017548300778
696,2021-07-28,2302.081299,2341.777832,2250.914063,2296.54541,18991302378.0,-0.24047321883916536,-17.67066854812434
697,2021-07-29,2299.011963,2396.451904,2273.404785,2380.956787,16313373113.0,3.564349612738407,-14.100819478827214
698,2021-07-30,2382.545166,2469.704834,2322.337158,2466.961426,20212848934.0,3.543112684899253,23.90355320134582
699,2021-07-31,2461.575684,2551.161133,2423.816162,2536.209961,18001710283.0,3.0319716547866307,-10.93927262910795
700,2021-08-01,2530.462891,2695.429443,2520.931885,2561.852051,22697987055.0,1.240451306819805,26.087947745914736
701,2021-08-02,2557.774658,2665.730957,2511.375244,2610.15332,22162754104.0,2.0478216028990026,-2.3580635133109604
702,2021-08-03,2609.413086,2630.314209,2449.353516,2502.349609,22696753413.0,-4.102971567607144,2.4094447219608965
703,2021-08-04,2508.544922,2764.443604,2463.469482,2724.619873,25038698173.0,8.613557170334781,10.318413023153376
704,2021-08-05,2725.669678,2840.430664,2540.684082,2827.328857,31057928075.0,3.72969548806786,24.0397078969973
705,2021-08-06,2827.503418,2944.90332,2727.792725,2890.94165,26528577879.0,2.243612920010993,-14.583555558060194
706,2021-08-07,2891.70752,3170.229736,2868.535645,3157.23877,33081467129.0,9.182507157570347,24.701245878646443
707,2021-08-08,3161.232666,3184.604004,2951.747314,3013.732666,28433638008.0,-4.665901424669133,-14.04964629554051
708,2021-08-09,3012.885742,3185.701172,2900.926025,3167.856201,31983260936.0,5.1435889798173475,12.483885906549451
709,2021-08-10,3163.050049,3228.940674,3059.229004,3141.691162,27605221710.0,-0.6752623786889648,-13.688532994683253
710,2021-08-11,3142.830322,3269.209473,3122.916504,3164.245117,26729035052.0,0.6813856557923378,-3.1739888460399546
711,2021-08-12,3164.175781,3236.314697,2984.166992,3043.414307,25403699845.0,-3.8165222907380536,-4.958410224767286
712,2021-08-13,3049.001221,3324.671631,3037.676025,3322.21167,23868866254.0,8.96065397147967,-6.0417718693133144
713,2021-08-14,3322.762695,3329.281006,3214.519775,3265.443359,19860862133.0,-1.7250505456273646,-16.79176580214961
714,2021-08-15,3266.276123,3320.084229,3117.791748,3310.50415,22166205051.0,1.354081079935694,11.607466496479708
715,2021-08-16,3309.422119,3333.994873,3139.778564,3156.509521,23080039949.0,-4.62052263209642,4.122649302834874
716,2021-08-17,3149.380371,3288.812744,2996.468262,3014.845947,25509056745.0,-4.271774385806648,10.52431798804249
717,2021-08-18,3011.963623,3124.976074,2959.02832,3020.089844,21539248425.0,0.26979811236584733,-15.56234854030076
718,2021-08-19,3019.126953,3184.435547,2963.150146,3182.702148,19546290360.0,5.417963455874586,-9.252681549867031
719,2021-08-20,3182.162598,3298.246582,3178.10376,3286.935303,20885619828.0,3.292500045907469,6.852090311422142
720,2021-08-21,3286.931641,3307.351563,3209.866211,3226.083984,18113977628.0,-1.8511993447325927,-13.270576706965805
721,2021-08-22,3226.227295,3272.733154,3142.00708,3242.115479,15983278460.0,0.4924694557207231,-11.76273489874711
722,2021-08-23,3241.357422,3373.384277,3235.851318,3319.257324,20511110509.0,2.40331107798454,28.32855637428468
723,2021-08-24,3324.855469,3358.688232,3154.121338,3172.456299,20131028906.0,-4.583632925428679,-1.8530522900416595
724,2021-08-25,3174.269775,3248.727295,3086.11499,3224.915283,18902728235.0,1.5955010629176787,-6.101529518115729
725,2021-08-26,3228.747314,3249.655273,3060.22876,3100.325439,17405668117.0,-3.977452011904329,-7.919809772369613
726,2021-08-27,3096.406006,3281.840576,3064.485107,3270.60083,18489602004.0,5.625710054251836,6.227476473260621
727,2021-08-28,3275.104492,3284.845947,3217.403564,3244.40332,13709633698.0,-0.937410457437095,-25.8521968453724
728,2021-08-29,3246.770996,3283.235596,3158.840332,3227.002686,13296586731.0,-0.6088606195002606,-3.012822779212959
729,2021-08-30,3227.192627,3346.581055,3151.44458,3224.374268,19306924485.0,-0.0873316013559383,45.20210995192733
730,2021-08-31,3227.758057,3466.992188,3195.216553,3433.732666,27280502987.0,6.381352175802187,41.29906090529778
731,2021-09-01,3430.762451,3836.867432,3387.408447,3834.828125,30070890104.0,11.777722292670619,10.228503185332416
