,Date,Open,High,Low,Close,Volume
0,2019-09-03,7906.439941,7940.370117,7847.319824,7874.160156,1936210000
1,2019-09-04,7949.810059,7981.410156,7928.939941,7976.879883,1891300000
2,2019-09-05,8061.290039,8134.419922,8061.290039,8116.830078,2096300000
3,2019-09-06,8125.580078,8134.390137,8098.52002,8103.069824,1876380000
4,2019-09-09,8130.910156,8131.660156,8052.339844,8087.439941,2172240000
5,2019-09-10,8049.97998,8086.529785,8001.680176,8084.160156,2362860000
6,2019-09-11,8091.680176,8169.680176,8081.560059,8169.680176,2310440000
7,2019-09-12,8206.580078,8243.799805,8176.72998,8194.469727,2159260000
8,2019-09-13,8190.569824,8210.200195,8165.470215,8176.709961,1976770000
9,2019-09-16,8121.640137,8165.330078,8121.25,8153.540039,1869220000
10,2019-09-17,8148.649902,8188.22998,8139.819824,8186.02002,1850340000
11,2019-09-18,8174.620117,8179.870117,8086.220215,8177.390137,2034880000
12,2019-09-19,8193.589844,8237.429688,8174.319824,8182.879883,1792700000
13,2019-09-20,8184.879883,8202.820313,8086.160156,8117.669922,3359380000
14,2019-09-23,8106.490234,8135.810059,8085.339844,8112.459961,1780160000
15,2019-09-24,8147.22998,8158.830078,7969.649902,7993.629883,2302600000
16,2019-09-25,7990.660156,8095.0,7935.569824,8077.379883,2015270000
17,2019-09-26,8070.120117,8072.109863,7991.02002,8030.660156,1832800000
18,2019-09-27,8047.109863,8051.830078,7890.279785,7939.629883,2037720000
19,2019-09-30,7964.089844,8012.160156,7949.629883,7999.339844,1805820000
20,2019-10-01,8026.830078,8062.5,7906.290039,7908.680176,2243650000
21,2019-10-02,7851.129883,7852.700195,7744.959961,7785.25,2495160000
22,2019-10-03,7787.02002,7872.259766,7700.0,7872.259766,2141490000
23,2019-10-04,7908.439941,7986.620117,7899.390137,7982.470215,1736890000
24,2019-10-07,7956.410156,8013.310059,7942.080078,7956.290039,1739450000
25,2019-10-08,7898.27002,7921.879883,7823.72998,7823.779785,1933580000
26,2019-10-09,7895.959961,7930.919922,7873.52002,7903.740234,1553900000
27,2019-10-10,7904.560059,7982.839844,7899.810059,7950.779785,1778740000
28,2019-10-11,8047.339844,8115.799805,8046.799805,8057.040039,2176080000
29,2019-10-14,8044.350098,8069.850098,8036.410156,8048.649902,1419730000
30,2019-10-15,8074.850098,8166.180176,8071.810059,8148.709961,1836650000
31,2019-10-16,8119.810059,8146.149902,8103.379883,8124.180176,1886720000
32,2019-10-17,8176.910156,8183.640137,8131.25,8156.850098,1861570000
33,2019-10-18,8149.850098,8157.359863,8045.370117,8089.540039,2012930000
34,2019-10-21,8137.419922,8164.140137,8117.259766,8162.990234,1752860000
35,2019-10-22,8188.120117,8194.620117,8101.97998,8104.299805,1847200000
36,2019-10-23,8090.240234,8122.879883,8078.350098,8119.790039,1805030000
37,2019-10-24,8180.040039,8187.839844,8137.660156,8185.799805,1882490000
38,2019-10-25,8150.589844,8249.969727,8150.589844,8243.120117,1894740000
39,2019-10-28,8285.769531,8335.55957,8285.269531,8325.990234,1956280000
40,2019-10-29,8313.349609,8319.290039,8275.139648,8276.849609,1834530000
41,2019-10-30,8284.280273,8315.5,8241.700195,8303.980469,1928420000
42,2019-10-31,8314.379883,8321.799805,8248.80957,8292.360352,2258270000
43,2019-11-01,8335.049805,8386.75,8326.55957,8386.400391,2057310000
44,2019-11-04,8445.5,8451.370117,8421.299805,8433.200195,2149910000
45,2019-11-05,8446.620117,8457.389648,8421.049805,8434.679688,2316710000
46,2019-11-06,8426.570313,8426.570313,8379.330078,8410.629883,2332650000
47,2019-11-07,8455.110352,8483.160156,8415.870117,8434.519531,2393950000
48,2019-11-08,8422.669922,8475.570313,8405.889648,8475.30957,1974190000
49,2019-11-11,8431.259766,8467.290039,8425.480469,8464.280273,1715470000
50,2019-11-12,8471.070313,8514.839844,8462.990234,8486.089844,1987820000
51,2019-11-13,8455.019531,8496.900391,8451.339844,8482.099609,2173320000
52,2019-11-14,8461.05957,8485.360352,8441.580078,8479.019531,2106550000
53,2019-11-15,8524.480469,8540.830078,8506.799805,8540.830078,2188210000
54,2019-11-18,8529.160156,8559.780273,8503.620117,8549.94043,2047240000
55,2019-11-19,8578.019531,8589.759766,8536.730469,8570.660156,2075000000
56,2019-11-20,8543.570313,8578.269531,8468.629883,8526.730469,2596030000
57,2019-11-21,8527.870117,8530.730469,8487.290039,8506.209961,2056230000
58,2019-11-22,8530.540039,8535.459961,8477.490234,8519.879883,1877090000
59,2019-11-25,8559.650391,8633.150391,8559.650391,8632.490234,2256070000
60,2019-11-26,8635.400391,8659.730469,8625.620117,8647.929688,2434570000
61,2019-11-27,8669.589844,8705.910156,8662.580078,8705.179688,1744580000
62,2019-11-29,8682.009766,8697.320313,8664.040039,8665.469727,1099090000
63,2019-12-02,8672.839844,8672.839844,8540.160156,8567.990234,2225940000
64,2019-12-03,8460.719727,8523.980469,8435.400391,8520.639648,2308600000
65,2019-12-04,8557.450195,8584.879883,8552.379883,8566.669922,2150680000
66,2019-12-05,8587.929688,8588.889648,8541.919922,8570.700195,2123380000
67,2019-12-06,8634.25,8665.44043,8630.580078,8656.530273,2053530000
68,2019-12-09,8650.860352,8678.849609,8619.769531,8621.830078,2088520000
69,2019-12-10,8623.55957,8650.759766,8600.820313,8616.179688,2053390000
70,2019-12-11,8631.120117,8658.480469,8622.360352,8654.049805,1937850000
71,2019-12-12,8645.360352,8745.820313,8633.599609,8717.320313,2388270000
72,2019-12-13,8713.910156,8768.870117,8697.580078,8734.879883,2188720000
73,2019-12-16,8791.30957,8833.450195,8789.769531,8814.230469,2346290000
74,2019-12-17,8829.469727,8831.990234,8804.599609,8823.360352,2374120000
75,2019-12-18,8834.650391,8848.759766,8820.419922,8827.740234,2727870000
76,2019-12-19,8838.969727,8888.129883,8838.969727,8887.219727,2415950000
77,2019-12-20,8911.839844,8931.910156,8901.870117,8924.959961,3825460000
78,2019-12-23,8950.200195,8956.639648,8934.549805,8945.650391,2025450000
79,2019-12-24,8955.009766,8957.120117,8934.360352,8952.879883,1014520000
80,2019-12-26,8970.209961,9022.459961,8968.459961,9022.389648,1634920000
81,2019-12-27,9049.469727,9052.0,8987.320313,9006.620117,1832200000
82,2019-12-30,9004.450195,9006.360352,8909.19043,8945.990234,2042420000
83,2019-12-31,8918.740234,8975.360352,8912.769531,8972.599609,2182800000
84,2020-01-02,9039.459961,9093.429688,9010.889648,9092.19043,2848370000
85,2020-01-03,8976.429688,9065.759766,8976.429688,9020.769531,2567400000
86,2020-01-06,8943.5,9072.410156,8943.5,9071.469727,2788120000
87,2020-01-07,9076.639648,9091.929688,9042.549805,9068.580078,2352850000
88,2020-01-08,9068.030273,9168.889648,9059.379883,9129.240234,2464090000
89,2020-01-09,9202.269531,9215.950195,9158.5,9203.429688,2534700000
90,2020-01-10,9232.950195,9235.200195,9164.660156,9178.860352,2378990000
91,2020-01-13,9213.719727,9274.490234,9193.05957,9273.929688,2530270000
92,2020-01-14,9270.610352,9298.330078,9226.490234,9251.330078,2542170000
93,2020-01-15,9253.759766,9298.820313,9231.139648,9258.700195,2435650000
94,2020-01-16,9313.450195,9357.919922,9301.320313,9357.129883,2301400000
95,2020-01-17,9392.370117,9393.480469,9346.80957,9388.94043,2522670000
96,2020-01-21,9361.070313,9397.580078,9350.200195,9370.80957,2684540000
97,2020-01-22,9413.610352,9439.290039,9375.129883,9383.769531,2449390000
98,2020-01-23,9377.719727,9409.200195,9334.129883,9402.480469,2460050000
99,2020-01-24,9446.209961,9451.429688,9273.230469,9314.910156,2611710000
100,2020-01-27,9092.459961,9185.450195,9088.040039,9139.30957,2583330000
101,2020-01-28,9201.820313,9288.870117,9182.330078,9269.679688,2157830000
102,2020-01-29,9318.259766,9329.120117,9249.040039,9275.160156,2223480000
103,2020-01-30,9211.150391,9303.0,9185.179688,9298.929688,2333500000
104,2020-01-31,9324.330078,9324.799805,9123.219727,9150.94043,2685840000
105,2020-02-03,9190.719727,9299.849609,9188.549805,9273.400391,2420510000
106,2020-02-04,9398.389648,9485.379883,9374.049805,9467.969727,2445420000
107,2020-02-05,9574.099609,9574.94043,9454.929688,9508.679688,2462470000
108,2020-02-06,9540.980469,9575.660156,9505.679688,9572.150391,2267300000
109,2020-02-07,9526.639648,9570.089844,9496.530273,9520.509766,2238670000
110,2020-02-10,9493.629883,9628.660156,9493.629883,9628.389648,2179310000
111,2020-02-11,9680.889648,9714.740234,9617.209961,9638.94043,2423670000
112,2020-02-12,9688.599609,9728.769531,9666.69043,9725.959961,2355000000
113,2020-02-13,9657.040039,9748.320313,9650.019531,9711.969727,2239270000
114,2020-02-14,9728.900391,9746.360352,9693.049805,9731.179688,2222240000
115,2020-02-18,9679.040039,9747.679688,9675.799805,9732.740234,2273460000
116,2020-02-19,9782.80957,9838.370117,9777.099609,9817.179688,2462530000
117,2020-02-20,9799.200195,9820.860352,9636.94043,9750.969727,2735610000
118,2020-02-21,9708.009766,9715.950195,9542.330078,9576.589844,2743010000
119,2020-02-24,9188.44043,9322.879883,9166.009766,9221.280273,3177000000
120,2020-02-25,9301.200195,9315.259766,8940.490234,8965.610352,3583400000
121,2020-02-26,9011.549805,9148.320313,8927.799805,8980.780273,3567830000
122,2020-02-27,8744.030273,8904.110352,8562.049805,8566.480469,4536080000
123,2020-02-28,8269.740234,8591.820313,8264.160156,8567.370117,5301170000
124,2020-03-02,8667.139648,8952.80957,8543.349609,8952.169922,4232760000
125,2020-03-03,8965.099609,9070.320313,8602.889648,8684.089844,4336700000
126,2020-03-04,8834.099609,9019.959961,8757.660156,9018.089844,3602870000
127,2020-03-05,8790.089844,8921.080078,8677.389648,8738.589844,3748090000
128,2020-03-06,8469.019531,8612.360352,8375.129883,8575.620117,4279850000
129,2020-03-09,7957.930176,8243.30957,7943.160156,7950.680176,4530350000
130,2020-03-10,8219.759766,8347.400391,7930.430176,8344.25,4431930000
131,2020-03-11,8136.25,8181.359863,7850.950195,7952.049805,4273890000
132,2020-03-12,7398.580078,7712.330078,7194.669922,7201.799805,5066530000
133,2020-03-13,7610.390137,7875.930176,7219.089844,7874.879883,4685890000
134,2020-03-16,7392.72998,7422.200195,6882.859863,6904.589844,4594360000
135,2020-03-17,7072.0,7406.22998,6828.910156,7334.779785,4900000000
136,2020-03-18,6902.319824,7182.830078,6686.359863,6989.839844,4890820000
137,2020-03-19,6996.450195,7341.379883,6858.379883,7150.580078,4762170000
138,2020-03-20,7248.069824,7354.439941,6854.669922,6879.52002,5239940000
139,2020-03-23,6847.279785,6984.939941,6631.419922,6860.669922,4330610000
140,2020-03-24,7196.149902,7418.370117,7169.859863,7417.859863,4417380000
141,2020-03-25,7421.359863,7671.209961,7276.399902,7384.299805,4666440000
142,2020-03-26,7462.209961,7809.830078,7462.209961,7797.540039,3999850000
143,2020-03-27,7554.25,7716.240234,7491.140137,7502.379883,3977010000
144,2020-03-30,7583.459961,7784.350098,7539.970215,7774.149902,3846900000
145,2020-03-31,7740.060059,7880.310059,7642.859863,7700.100098,4059700000
146,2020-04-01,7459.5,7566.370117,7301.97998,7360.580078,3685510000
147,2020-04-02,7317.450195,7501.700195,7307.950195,7487.310059,3608190000
148,2020-04-03,7477.27002,7518.720215,7288.109863,7373.080078,3279100000
149,2020-04-06,7660.169922,7938.330078,7617.790039,7913.240234,3849100000
150,2020-04-07,8129.990234,8146.430176,7881.220215,7887.259766,4069410000
151,2020-04-08,7975.720215,8114.430176,7901.939941,8090.899902,3470730000
152,2020-04-09,8169.009766,8227.910156,8072.319824,8153.580078,4123670000
153,2020-04-13,8127.689941,8200.44043,8035.950195,8192.419922,3146860000
154,2020-04-14,8353.209961,8531.110352,8338.080078,8515.740234,3732820000
155,2020-04-15,8355.959961,8464.660156,8308.790039,8393.179688,3333750000
156,2020-04-16,8479.110352,8560.160156,8393.269531,8532.360352,3995870000
157,2020-04-17,8667.480469,8670.299805,8531.69043,8650.139648,4335020000
158,2020-04-20,8553.379883,8684.910156,8553.379883,8560.730469,3796950000
159,2020-04-21,8460.69043,8480.290039,8215.69043,8263.230469,3756290000
160,2020-04-22,8434.549805,8537.30957,8404.540039,8495.379883,3025060000
161,2020-04-23,8528.839844,8635.230469,8475.200195,8494.75,3734720000
162,2020-04-24,8530.080078,8642.929688,8464.419922,8634.519531,3673170000
163,2020-04-27,8717.980469,8754.570313,8697.370117,8730.160156,3678460000
164,2020-04-28,8825.69043,8830.570313,8600.700195,8607.730469,3707540000
165,2020-04-29,8802.700195,8957.269531,8765.009766,8914.709961,4378540000
166,2020-04-30,8911.019531,8926.110352,8825.830078,8889.549805,4316380000
167,2020-05-01,8681.290039,8754.459961,8566.839844,8604.950195,3722520000
168,2020-05-04,8555.320313,8715.820313,8537.830078,8710.709961,3422150000
169,2020-05-05,8809.660156,8909.959961,8781.30957,8809.120117,3913360000
170,2020-05-06,8874.700195,8933.25,8819.370117,8854.389648,3620030000
171,2020-05-07,8973.780273,9015.990234,8932.860352,8979.660156,3762070000
172,2020-05-08,9056.889648,9125.980469,9018.209961,9121.320313,3777340000
173,2020-05-11,9054.910156,9241.919922,9053.169922,9192.339844,3898690000
174,2020-05-12,9225.150391,9250.959961,9000.070313,9002.549805,4315070000
175,2020-05-13,9006.049805,9074.160156,8752.679688,8863.169922,4244110000
176,2020-05-14,8788.040039,8945.709961,8705.25,8943.719727,3945080000
177,2020-05-15,8839.990234,9018.400391,8821.379883,9014.55957,4221500000
178,2020-05-18,9177.150391,9267.219727,9154.349609,9234.830078,4318310000
179,2020-05-19,9227.459961,9317.25,9183.25,9185.099609,4144770000
180,2020-05-20,9305.620117,9392.820313,9304.200195,9375.780273,4292470000
181,2020-05-21,9375.19043,9405.25,9254.849609,9284.879883,3725950000
182,2020-05-22,9278.549805,9328.280273,9239.410156,9324.589844,3641830000
183,2020-05-26,9501.209961,9501.209961,9333.160156,9340.219727,4432310000
184,2020-05-27,9346.120117,9414.620117,9144.280273,9412.360352,4462450000
185,2020-05-28,9392.990234,9523.639648,9345.280273,9368.990234,4064220000
186,2020-05-29,9382.349609,9505.549805,9324.730469,9489.870117,4710060000
187,2020-06-01,9471.419922,9571.280273,9462.320313,9552.049805,3824770000
188,2020-06-02,9566.530273,9611.219727,9472.080078,9608.379883,3962460000
189,2020-06-03,9651.860352,9707.780273,9627.169922,9682.910156,4638380000
190,2020-06-04,9649.650391,9716.139648,9560.410156,9615.80957,6074320000
191,2020-06-05,9703.540039,9845.69043,9685.349609,9814.080078,6572850000
192,2020-06-08,9823.44043,9927.129883,9780.610352,9924.75,6143120000
193,2020-06-09,9867.19043,10002.5,9863.269531,9953.75,5281860000
194,2020-06-10,10012.320313,10086.889648,9962.580078,10020.349609,5128400000
195,2020-06-11,9791.240234,9868.080078,9491.30957,9492.730469,5271000000
196,2020-06-12,9715.870117,9768.639648,9413.620117,9588.80957,4366190000
197,2020-06-15,9426.900391,9756.070313,9403.0,9726.019531,4440650000
198,2020-06-16,9949.780273,9963.629883,9748.379883,9895.870117,4639860000
199,2020-06-17,9943.30957,9991.209961,9891.80957,9910.530273,4249680000
200,2020-06-18,9892.480469,9959.200195,9885.660156,9943.049805,4294740000
201,2020-06-19,10042.129883,10053.910156,9872.94043,9946.120117,6068130000
202,2020-06-22,9945.490234,10059.610352,9916.599609,10056.480469,4468000000
203,2020-06-23,10130.830078,10221.849609,10112.44043,10131.370117,5712450000
204,2020-06-24,10092.919922,10137.5,9842.219727,9909.169922,5549440000
205,2020-06-25,9899.360352,10023.280273,9810.469727,10017.0,4709620000
206,2020-06-26,9995.120117,10000.669922,9749.070313,9757.219727,7279230000
207,2020-06-29,9771.719727,9877.339844,9663.610352,9874.150391,4306120000
208,2020-06-30,9875.290039,10085.589844,9863.669922,10058.769531,4474000000
209,2020-07-01,10063.669922,10197.19043,10048.040039,10154.629883,4595970000
210,2020-07-02,10268.669922,10310.360352,10194.05957,10207.629883,4017530000
211,2020-07-06,10360.379883,10462.049805,10354.980469,10433.650391,4529480000
212,2020-07-07,10412.459961,10518.980469,10337.980469,10343.889648,4314110000
213,2020-07-08,10409.349609,10494.629883,10350.959961,10492.5,3999180000
214,2020-07-09,10563.719727,10578.099609,10379.910156,10547.75,3992920000
215,2020-07-10,10545.910156,10622.349609,10447.009766,10617.44043,3509810000
216,2020-07-13,10729.919922,10824.780273,10368.040039,10390.839844,4822050000
217,2020-07-14,10310.25,10497.830078,10182.459961,10488.580078,4419480000
218,2020-07-15,10576.719727,10604.669922,10420.540039,10550.490234,4610540000
219,2020-07-16,10443.870117,10499.790039,10364.389648,10473.830078,4237290000
220,2020-07-17,10500.519531,10532.620117,10421.209961,10503.19043,4334280000
221,2020-07-20,10526.019531,10783.799805,10488.040039,10767.089844,4274340000
222,2020-07-21,10837.879883,10839.929688,10650.459961,10680.360352,5311750000
223,2020-07-22,10687.580078,10745.320313,10627.450195,10706.129883,4074020000
224,2020-07-23,10689.5,10728.120117,10407.870117,10461.419922,4469470000
225,2020-07-24,10294.410156,10418.75,10217.30957,10363.179688,4205330000
226,2020-07-27,10421.700195,10546.44043,10399.860352,10536.269531,4209900000
227,2020-07-28,10509.200195,10523.639648,10397.870117,10402.089844,3869230000
228,2020-07-29,10474.700195,10567.910156,10464.0,10542.94043,3970900000
229,2020-07-30,10450.120117,10609.589844,10412.089844,10587.80957,4135200000
230,2020-07-31,10741.469727,10747.799805,10557.700195,10745.269531,4418390000
231,2020-08-03,10848.639648,10927.55957,10831.150391,10902.799805,4173600000
232,2020-08-04,10897.889648,10941.910156,10852.900391,10941.169922,3973570000
233,2020-08-05,10967.870117,11002.110352,10943.719727,10998.400391,4119550000
234,2020-08-06,10989.980469,11121.19043,10963.410156,11108.070313,4086290000
235,2020-08-07,11072.530273,11126.040039,10920.370117,11010.980469,4230720000
236,2020-08-10,11033.730469,11040.240234,10849.459961,10968.360352,4018530000
237,2020-08-11,10942.660156,10989.419922,10762.709961,10782.820313,4303980000
238,2020-08-12,10878.120117,11036.719727,10877.160156,11012.240234,3716840000
239,2020-08-13,11026.860352,11124.849609,11007.5,11042.5,3444140000
240,2020-08-14,11042.240234,11058.44043,10972.05957,11019.299805,3491320000
241,2020-08-17,11083.25,11144.530273,11080.299805,11129.730469,3193160000
242,2020-08-18,11170.75,11230.620117,11103.830078,11210.839844,3199470000
243,2020-08-19,11214.799805,11257.419922,11132.099609,11146.459961,3467890000
244,2020-08-20,11096.400391,11283.620117,11090.030273,11264.950195,4170980000
245,2020-08-21,11258.44043,11326.209961,11245.44043,11311.799805,3905670000
246,2020-08-24,11449.25,11462.049805,11297.530273,11379.719727,3885880000
247,2020-08-25,11370.230469,11468.259766,11343.040039,11466.469727,3454500000
248,2020-08-26,11516.620117,11672.049805,11507.459961,11665.05957,3441550000
249,2020-08-27,11688.19043,11730.009766,11551.009766,11625.339844,3535800000
250,2020-08-28,11689.280273,11708.769531,11634.769531,11695.629883,2997810000
251,2020-08-31,11718.80957,11829.839844,11697.419922,11775.459961,3596980000
252,2020-09-01,11850.959961,11945.719727,11794.780273,11939.669922,3480780000
253,2020-09-02,12047.259766,12074.05957,11836.179688,12056.44043,3966140000
254,2020-09-03,11861.900391,11894.400391,11361.360352,11458.099609,4437500000
255,2020-09-04,11396.240234,11531.179688,10875.870117,11313.129883,4269190000
256,2020-09-08,10900.700195,11131.5,10837.200195,10847.69043,3872230000
257,2020-09-09,11064.759766,11217.69043,10970.450195,11141.55957,3531780000
258,2020-09-10,11235.530273,11299.530273,10875.019531,10919.589844,3814100000
259,2020-09-11,11010.070313,11033.040039,10728.030273,10853.549805,3609190000
260,2020-09-14,11010.139648,11118.290039,10982.259766,11056.650391,3716820000
261,2020-09-15,11193.959961,11244.459961,11127.980469,11190.320313,3772820000
262,2020-09-16,11222.080078,11245.419922,11046.429688,11050.469727,3661710000
263,2020-09-17,10796.049805,10974.450195,10783.80957,10910.280273,3726750000
264,2020-09-18,10973.450195,10977.679688,10639.950195,10793.280273,5745690000
265,2020-09-21,10610.139648,10782.740234,10519.490234,10778.799805,3885200000
266,2020-09-22,10873.299805,10979.650391,10737.519531,10963.639648,3492020000
267,2020-09-23,10950.820313,10962.030273,10612.910156,10632.990234,4074600000
268,2020-09-24,10551.019531,10799.549805,10520.219727,10672.269531,4080730000
269,2020-09-25,10680.459961,10939.549805,10639.980469,10913.55957,3767230000
270,2020-09-28,11084.379883,11120.790039,11019.139648,11117.530273,3562900000
271,2020-09-29,11109.0,11153.230469,11065.629883,11085.25,3363870000
272,2020-09-30,11092.900391,11277.959961,11092.900391,11167.509766,4228200000
273,2020-10-01,11291.990234,11344.129883,11240.530273,11326.509766,3978100000
274,2020-10-02,11082.530273,11244.870117,11033.69043,11075.019531,3715090000
275,2020-10-05,11169.110352,11335.209961,11162.519531,11332.490234,3597940000
276,2020-10-06,11314.530273,11392.410156,11124.450195,11154.599609,4360550000
277,2020-10-07,11271.679688,11380.55957,11258.349609,11364.599609,3891460000
278,2020-10-08,11443.349609,11448.230469,11384.330078,11420.980469,3486530000
279,2020-10-09,11487.599609,11581.230469,11476.660156,11579.94043,3475620000
280,2020-10-12,11732.330078,11965.540039,11704.129883,11876.259766,3862990000
281,2020-10-13,11901.759766,11946.980469,11821.830078,11863.900391,3607730000
282,2020-10-14,11889.070313,11939.919922,11714.349609,11768.730469,3393010000
283,2020-10-15,11559.879883,11740.679688,11559.099609,11713.870117,3304490000
284,2020-10-16,11761.830078,11827.419922,11648.530273,11671.55957,3156270000
285,2020-10-19,11732.339844,11778.110352,11454.570313,11478.879883,3455430000
286,2020-10-20,11531.830078,11632.889648,11471.230469,11516.490234,3483200000
287,2020-10-21,11530.389648,11613.790039,11476.080078,11484.69043,3445520000
288,2020-10-22,11526.969727,11548.769531,11369.290039,11506.009766,3414590000
289,2020-10-23,11536.009766,11548.849609,11434.860352,11548.280273,3134240000
290,2020-10-26,11440.639648,11545.629883,11221.05957,11358.94043,3186950000
291,2020-10-27,11409.339844,11465.05957,11361.860352,11431.349609,3079530000
292,2020-10-28,11230.900391,11249.950195,10999.070313,11004.870117,3912580000
293,2020-10-29,11064.469727,11287.629883,11030.19043,11185.589844,3222460000
294,2020-10-30,11103.469727,11129.80957,10822.570313,10911.589844,3662840000
295,2020-11-02,11010.450195,11071.080078,10830.950195,10957.610352,3196720000
296,2020-11-03,11038.660156,11213.919922,11004.839844,11160.570313,3190710000
297,2020-11-04,11443.769531,11663.30957,11394.209961,11590.780273,3606820000
298,2020-11-05,11816.330078,11924.280273,11784.150391,11890.929688,3823380000
299,2020-11-06,11869.900391,11920.540039,11737.129883,11895.230469,4156030000
300,2020-11-09,12046.660156,12108.070313,11703.490234,11713.780273,5823620000
301,2020-11-10,11622.44043,11665.870117,11424.610352,11553.860352,4712950000
302,2020-11-11,11656.650391,11793.570313,11638.900391,11786.429688,3823270000
303,2020-11-12,11802.5,11847.839844,11666.370117,11709.589844,3862690000
304,2020-11-13,11794.94043,11849.790039,11715.519531,11829.290039,3640680000
305,2020-11-16,11847.110352,11937.719727,11814.889648,11924.129883,4138920000
306,2020-11-17,11913.349609,11950.179688,11852.410156,11899.339844,4122770000
307,2020-11-18,11896.05957,11942.490234,11799.959961,11801.599609,4699160000
308,2020-11-19,11779.040039,11912.629883,11760.980469,11904.709961,5322580000
309,2020-11-20,11892.700195,11935.469727,11852.509766,11854.969727,5319340000
310,2020-11-23,11916.759766,11949.330078,11796.530273,11880.629883,5360830000
311,2020-11-24,11939.330078,12049.879883,11863.450195,12036.790039,6277790000
312,2020-11-25,12053.889648,12114.769531,12020.950195,12094.400391,4425030000
313,2020-11-27,12159.179688,12236.230469,12154.570313,12205.849609,3401890000
314,2020-11-30,12224.25,12244.650391,12027.160156,12198.740234,7693430000
315,2020-12-01,12313.360352,12405.790039,12263.929688,12355.110352,6467180000
316,2020-12-02,12285.75,12360.05957,12217.349609,12349.370117,5150820000
317,2020-12-03,12369.259766,12439.019531,12356.990234,12377.179688,5182100000
318,2020-12-04,12399.320313,12464.230469,12376.44043,12464.230469,5044210000
319,2020-12-07,12461.0,12536.230469,12460.549805,12519.950195,4741690000
320,2020-12-08,12503.169922,12594.540039,12453.209961,12582.769531,4758170000
321,2020-12-09,12591.69043,12607.139648,12290.780273,12338.950195,5131720000
322,2020-12-10,12247.549805,12431.55957,12214.740234,12405.80957,4470060000
323,2020-12-11,12336.790039,12383.5,12246.769531,12377.870117,4268140000
324,2020-12-14,12447.44043,12543.0,12432.709961,12440.040039,4458140000
325,2020-12-15,12543.259766,12596.129883,12465.419922,12595.05957,4377950000
326,2020-12-16,12611.040039,12687.320313,12566.379883,12658.19043,4561600000
327,2020-12-17,12730.780273,12765.25,12696.349609,12764.75,4994090000
328,2020-12-18,12804.929688,12809.599609,12654.599609,12755.639648,7088670000
329,2020-12-21,12596.139648,12751.269531,12525.219727,12742.519531,5156470000
330,2020-12-22,12785.219727,12840.570313,12695.30957,12807.919922,5700760000
331,2020-12-23,12834.94043,12841.919922,12758.669922,12771.110352,7028650000
332,2020-12-24,12791.540039,12833.549805,12767.639648,12804.730469,3305950000
333,2020-12-28,12914.639648,12930.889648,12827.450195,12899.419922,5076340000
334,2020-12-29,12965.389648,12973.330078,12821.959961,12850.219727,4680780000
335,2020-12-30,12906.509766,12924.929688,12857.759766,12870.0,5292210000
336,2020-12-31,12877.089844,12902.070313,12821.230469,12888.280273,4771390000
337,2021-01-04,12958.519531,12958.719727,12543.240234,12698.450195,6546740000
338,2021-01-05,12665.650391,12828.269531,12665.650391,12818.959961,6904420000
339,2021-01-06,12666.150391,12909.629883,12649.990234,12740.790039,7648340000
340,2021-01-07,12867.339844,13090.910156,12867.339844,13067.480469,6777010000
341,2021-01-08,13160.219727,13208.089844,13036.549805,13201.980469,7223660000
342,2021-01-11,13048.780273,13138.269531,12999.509766,13036.429688,6876420000
343,2021-01-12,13062.05957,13105.040039,12963.919922,13072.429688,7181380000
344,2021-01-13,13088.009766,13171.150391,13051.05957,13128.950195,7072920000
345,2021-01-14,13174.75,13220.160156,13098.410156,13112.639648,6671090000
346,2021-01-15,13099.900391,13139.830078,12949.759766,12998.5,6402970000
347,2021-01-19,13132.730469,13206.860352,13078.700195,13197.179688,6229100000
348,2021-01-20,13342.549805,13486.129883,13329.769531,13457.25,6771630000
349,2021-01-21,13521.480469,13560.349609,13454.070313,13530.910156,7183390000
350,2021-01-22,13474.80957,13567.139648,13463.660156,13543.05957,5931240000
351,2021-01-25,13681.209961,13728.980469,13368.679688,13635.990234,7139410000
352,2021-01-26,13681.719727,13702.69043,13603.19043,13626.05957,6781460000
353,2021-01-27,13486.580078,13538.419922,13192.910156,13270.599609,11102160000
354,2021-01-28,13323.290039,13507.639648,13316.519531,13337.160156,9823150000
355,2021-01-29,13284.719727,13322.0,12985.049805,13070.69043,7809670000
356,2021-02-01,13226.179688,13431.459961,13132.469727,13403.389648,7014220000
357,2021-02-02,13543.099609,13652.700195,13535.860352,13612.780273,7240220000
358,2021-02-03,13718.30957,13723.830078,13585.339844,13610.540039,7465240000
359,2021-02-04,13674.05957,13778.419922,13631.620117,13777.740234,7218680000
360,2021-02-05,13824.879883,13878.160156,13761.660156,13856.299805,6697720000
361,2021-02-08,13937.05957,13987.740234,13894.150391,13987.639648,8439940000
362,2021-02-09,13966.820313,14044.950195,13966.549805,14007.700195,8658980000
363,2021-02-10,14093.349609,14109.120117,13845.469727,13972.530273,10165550000
364,2021-02-11,14045.209961,14058.910156,13916.849609,14025.769531,10000200000
365,2021-02-12,13979.209961,14102.040039,13937.709961,14095.469727,7352960000
366,2021-02-16,14152.209961,14175.120117,13995.450195,14047.5,7646300000
367,2021-02-17,13911.650391,13976.429688,13804.259766,13965.490234,7227140000
368,2021-02-18,13814.669922,13905.959961,13714.349609,13865.360352,6454280000
369,2021-02-19,13929.200195,13985.580078,13842.599609,13874.459961,6686060000
370,2021-02-22,13714.200195,13757.05957,13530.959961,13533.049805,6435100000
371,2021-02-23,13262.610352,13526.089844,13003.980469,13465.200195,7482840000
372,2021-02-24,13400.25,13607.360352,13286.589844,13597.969727,5793430000
373,2021-02-25,13512.639648,13602.860352,13066.379883,13119.429688,6335240000
374,2021-02-26,13232.900391,13368.05957,13024.530273,13192.349609,5883880000
375,2021-03-01,13406.160156,13596.589844,13362.660156,13588.830078,5047710000
376,2021-03-02,13599.450195,13601.330078,13352.0,13358.790039,4920320000
377,2021-03-03,13336.25,13372.519531,12995.070313,12997.75,5493960000
378,2021-03-04,12953.990234,13068.709961,12553.959961,12723.469727,7799710000
379,2021-03-05,12860.040039,12941.209961,12397.049805,12920.150391,7696900000
380,2021-03-08,12904.259766,13001.0,12599.230469,12609.160156,5971260000
381,2021-03-09,12923.070313,13151.540039,12882.490234,13073.820313,6294910000
382,2021-03-10,13234.730469,13277.110352,13035.44043,13068.830078,5991730000
383,2021-03-11,13273.30957,13433.620117,13246.330078,13398.669922,5956260000
384,2021-03-12,13222.80957,13324.69043,13158.719727,13319.860352,5472340000
385,2021-03-15,13323.469727,13460.349609,13272.5,13459.709961,5933440000
386,2021-03-16,13523.169922,13620.709961,13397.080078,13471.570313,5463770000
387,2021-03-17,13336.910156,13595.0,13272.69043,13525.200195,5465500000
388,2021-03-18,13349.200195,13384.459961,13101.919922,13116.169922,5699900000
389,2021-03-19,13119.900391,13252.370117,13039.450195,13215.240234,7591530000
390,2021-03-22,13278.780273,13455.639648,13278.780273,13377.540039,5302770000
391,2021-03-23,13381.429688,13405.150391,13202.429688,13227.700195,5607860000
392,2021-03-24,13289.240234,13292.919922,12961.349609,12961.889648,6184470000
393,2021-03-25,12844.580078,13021.860352,12786.80957,12977.679688,5608640000
394,2021-03-26,12996.030273,13149.549805,12878.719727,13138.730469,5195330000
395,2021-03-29,13103.969727,13143.410156,12968.160156,13059.650391,4934000000
396,2021-03-30,13008.799805,13075.75,12922.570313,13045.389648,4685320000
397,2021-03-31,13122.570313,13325.540039,13118.379883,13246.870117,4980670000
398,2021-04-01,13414.320313,13487.080078,13404.179688,13480.110352,4553470000
399,2021-04-05,13594.900391,13720.580078,13582.759766,13705.589844,4439970000
400,2021-04-06,13681.669922,13776.709961,13674.280273,13698.379883,4038510000
401,2021-04-07,13675.299805,13733.030273,13653.589844,13688.839844,4078990000
402,2021-04-08,13796.889648,13830.139648,13758.709961,13829.30957,4133640000
403,2021-04-09,13787.019531,13905.410156,13748.349609,13900.19043,3906460000
404,2021-04-12,13854.44043,13877.0,13783.950195,13850.0,4230160000
405,2021-04-13,13902.450195,14011.509766,13902.450195,13996.099609,4200290000
406,2021-04-14,14004.080078,14033.629883,13839.040039,13857.839844,4102380000
407,2021-04-15,13983.230469,14049.129883,13970.419922,14038.759766,4382620000
408,2021-04-16,14059.110352,14062.5,13977.049805,14052.339844,4414640000
409,2021-04-19,13984.580078,14041.790039,13842.570313,13914.769531,4349340000
410,2021-04-20,13894.459961,13927.669922,13698.669922,13786.269531,4229410000
411,2021-04-21,13745.769531,13951.349609,13706.860352,13950.219727,3967090000
412,2021-04-22,13952.570313,14015.870117,13771.040039,13818.410156,4397030000
413,2021-04-23,13861.370117,14062.740234,13856.830078,14016.80957,4332500000
414,2021-04-26,14052.379883,14154.030273,14019.5,14138.780273,4479480000
415,2021-04-27,14170.910156,14171.240234,14064.280273,14090.219727,4665430000
416,2021-04-28,14082.780273,14133.650391,14034.700195,14051.030273,4532050000
417,2021-04-29,14204.509766,14211.570313,13952.799805,14082.549805,4854340000
418,2021-04-30,13970.730469,14084.759766,13941.629883,13962.679688,4762770000
419,2021-05-03,14031.769531,14042.120117,13881.509766,13895.120117,4718850000
420,2021-05-04,13774.509766,13795.570313,13485.589844,13633.5,5852850000
421,2021-05-05,13731.129883,13753.049805,13553.929688,13582.419922,4517100000
422,2021-05-06,13557.830078,13635.730469,13439.389648,13632.839844,5000710000
423,2021-05-07,13723.089844,13828.620117,13690.75,13752.240234,4376800000
424,2021-05-10,13687.589844,13687.929688,13401.740234,13401.860352,4795690000
425,2021-05-11,13115.849609,13423.30957,13107.669922,13389.429688,4719720000
426,2021-05-12,13215.490234,13288.610352,13002.540039,13031.679688,4730740000
427,2021-05-13,13150.94043,13247.870117,13007.240234,13124.990234,4681530000
428,2021-05-14,13255.650391,13460.879883,13242.969727,13429.980469,4008110000
429,2021-05-17,13368.799805,13399.169922,13265.400391,13379.049805,3980630000
430,2021-05-18,13416.900391,13485.339844,13299.929688,13303.639648,4283680000
431,2021-05-19,13078.19043,13304.610352,13072.230469,13299.740234,4314980000
432,2021-05-20,13356.629883,13563.519531,13355.709961,13535.740234,3972730000
433,2021-05-21,13616.19043,13616.580078,13463.259766,13470.990234,3704590000
434,2021-05-24,13557.209961,13708.849609,13551.009766,13661.169922,3490650000
435,2021-05-25,13721.540039,13751.139648,13631.799805,13657.169922,4084480000
436,2021-05-26,13693.94043,13750.160156,13679.589844,13738.0,4231140000
437,2021-05-27,13742.589844,13776.519531,13701.629883,13736.280273,5057550000
438,2021-05-28,13792.049805,13820.870117,13747.610352,13748.740234,4435220000
439,2021-06-01,13829.05957,13836.169922,13678.769531,13736.480469,4155670000
440,2021-06-02,13743.240234,13775.889648,13689.740234,13756.330078,5059810000
441,2021-06-03,13655.75,13684.129883,13548.929688,13614.509766,5367460000
442,2021-06-04,13697.25,13826.820313,13692.009766,13814.490234,4341800000
443,2021-06-07,13802.820313,13889.110352,13784.889648,13881.719727,4602940000
444,2021-06-08,13946.320313,13981.719727,13831.980469,13924.910156,5894140000
445,2021-06-09,13980.230469,14003.5,13906.450195,13911.75,5607720000
446,2021-06-10,13933.879883,14031.19043,13904.400391,14020.330078,4889500000
447,2021-06-11,14030.849609,14069.419922,14006.589844,14069.419922,4140190000
448,2021-06-14,14083.469727,14175.450195,14056.669922,14174.139648,4394380000
449,2021-06-15,14166.639648,14171.019531,14052.160156,14072.860352,4517770000
450,2021-06-16,14085.549805,14129.69043,13903.730469,14039.679688,4632480000
451,2021-06-17,13999.129883,14196.209961,13998.929688,14161.349609,4526780000
452,2021-06-18,14096.929688,14129.219727,14009.040039,14030.379883,6105960000
453,2021-06-21,14047.419922,14150.780273,13960.040039,14141.480469,4523120000
454,2021-06-22,14138.290039,14269.769531,14121.0,14253.269531,4405260000
455,2021-06-23,14263.379883,14317.660156,14246.299805,14271.730469,4394600000
456,2021-06-24,14357.269531,14414.459961,14333.700195,14369.709961,4297280000
457,2021-06-25,14400.80957,14409.080078,14337.650391,14360.389648,7436800000
458,2021-06-28,14417.80957,14505.19043,14417.200195,14500.509766,4235620000
459,2021-06-29,14509.19043,14535.969727,14471.379883,14528.330078,4842860000
460,2021-06-30,14509.849609,14526.80957,14478.05957,14503.950195,5264790000
461,2021-07-01,14493.69043,14533.549805,14439.400391,14522.379883,4371620000
462,2021-07-02,14582.980469,14649.110352,14555.339844,14639.330078,3731730000
463,2021-07-06,14661.549805,14687.0,14529.799805,14663.639648,4464780000
464,2021-07-07,14753.410156,14755.330078,14580.790039,14665.05957,4582030000
465,2021-07-08,14409.200195,14610.05957,14371.589844,14559.780273,4550600000
466,2021-07-09,14578.429688,14710.200195,14552.259766,14701.919922,3809040000
467,2021-07-12,14743.860352,14761.080078,14672.629883,14733.240234,3864500000
468,2021-07-13,14715.129883,14803.679688,14660.19043,14677.650391,4553380000
469,2021-07-14,14780.900391,14790.549805,14632.950195,14644.950195,4461730000
470,2021-07-15,14635.780273,14650.370117,14451.799805,14543.129883,4493540000
471,2021-07-16,14597.509766,14623.019531,14413.320313,14427.240234,4048940000
472,2021-07-19,14235.980469,14313.599609,14178.660156,14274.980469,4507040000
473,2021-07-20,14330.459961,14555.75,14271.230469,14498.879883,4618980000
474,2021-07-21,14508.75,14633.139648,14498.650391,14631.950195,4075150000
475,2021-07-22,14652.719727,14694.19043,14617.870117,14684.599609,3574560000
476,2021-07-23,14753.05957,14846.05957,14698.769531,14836.990234,3959410000
477,2021-07-26,14821.030273,14863.650391,14790.490234,14840.709961,4409960000
478,2021-07-27,14807.950195,14811.080078,14503.759766,14660.580078,4300000000
479,2021-07-28,14715.660156,14798.879883,14645.629883,14762.580078,4235390000
480,2021-07-29,14771.169922,14833.740234,14761.379883,14778.259766,3904590000
481,2021-07-30,14615.849609,14728.780273,14615.849609,14672.679688,3628750000
482,2021-08-02,14758.599609,14770.410156,14665.669922,14681.070313,3738200000
483,2021-08-03,14713.990234,14762.599609,14584.089844,14761.290039,4117520000
484,2021-08-04,14747.209961,14812.370117,14734.120117,14780.530273,4319400000
485,2021-08-05,14794.080078,14896.469727,14776.030273,14895.120117,4087320000
486,2021-08-06,14864.219727,14890.179688,14788.589844,14835.759766,4159050000
487,2021-08-09,14855.759766,14883.80957,14802.69043,14860.179688,4095760000
488,2021-08-10,14887.75,14894.610352,14754.480469,14788.089844,3978790000
489,2021-08-11,14834.379883,14842.5,14692.410156,14765.139648,3980530000
490,2021-08-12,14751.360352,14824.30957,14698.94043,14816.259766,4020260000
491,2021-08-13,14825.070313,14850.610352,14797.219727,14822.900391,4038130000
492,2021-08-16,14771.530273,14794.679688,14610.019531,14793.759766,3953840000
493,2021-08-17,14670.55957,14716.950195,14550.879883,14656.179688,4151190000
494,2021-08-18,14636.240234,14697.25,14516.299805,14525.910156,3814120000
495,2021-08-19,14423.160156,14610.759766,14423.160156,14541.790039,4172870000
496,2021-08-20,14571.530273,14722.160156,14571.530273,14714.660156,3864780000
497,2021-08-23,14776.980469,14963.469727,14776.980469,14942.650391,3893990000
498,2021-08-24,14978.139648,15034.889648,14965.540039,15019.799805,3792870000
499,2021-08-25,15039.030273,15059.429688,15011.580078,15041.860352,3629990000
500,2021-08-26,15025.169922,15059.629883,14939.55957,14945.80957,3610970000
501,2021-08-27,14969.769531,15144.480469,14966.519531,15129.5,4006310000
502,2021-08-30,15165.94043,15288.080078,15165.120117,15265.889648,4034110000
503,2021-08-31,15262.879883,15278.959961,15202.669922,15259.240234,4170170000
